variant,role_accuracy,coarse_5,coarse_4,coarse_3,entity_jaccard,status,relation,answer,strict,relaxed_1,relaxed_2,relaxed_3
combined_v3,0.5316455696202531,0.620253164556962,0.6962025316455697,0.8227848101265823,0.5056962025316454,0.5949367088607594,0.4430379746835443,0.8481012658227848,0.05063291139240506,0.25316455696202533,0.35443037974683544,0.4430379746835443
D_add_combined_answer,0.5949367088607594,0.5949367088607594,0.5949367088607594,0.6075949367088608,0.5056962025316454,0.6582278481012658,0.43037974683544306,0.8481012658227848,0.02531645569620253,0.3037974683544304,0.3037974683544304,0.31645569620253167
R0_D_baseline_copy,0.5949367088607594,0.5949367088607594,0.5949367088607594,0.6075949367088608,0.5056962025316454,0.6582278481012658,0.43037974683544306,0.8481012658227848,0.02531645569620253,0.3037974683544304,0.3037974683544304,0.31645569620253167
R1_combined_role_fallback_on_disagreement,0.5316455696202531,0.620253164556962,0.6962025316455697,0.8227848101265823,0.5056962025316454,0.6582278481012658,0.43037974683544306,0.8481012658227848,0.02531645569620253,0.25316455696202533,0.35443037974683544,0.4430379746835443
R2_coarse3_guard,0.7088607594936709,0.7341772151898734,0.7721518987341772,0.8227848101265823,0.5056962025316454,0.6582278481012658,0.43037974683544306,0.8481012658227848,0.02531645569620253,0.35443037974683544,0.3924050632911392,0.4430379746835443
R3_coarse4_guard,0.620253164556962,0.6455696202531646,0.6962025316455697,0.8227848101265823,0.5056962025316454,0.6582278481012658,0.43037974683544306,0.8481012658227848,0.02531645569620253,0.3037974683544304,0.35443037974683544,0.4430379746835443
R4_coarse5_guard,0.5949367088607594,0.620253164556962,0.6962025316455697,0.8227848101265823,0.5056962025316454,0.6582278481012658,0.43037974683544306,0.8481012658227848,0.02531645569620253,0.2911392405063291,0.35443037974683544,0.4430379746835443
R5_coarse3_guard_combined_relation,0.7088607594936709,0.7341772151898734,0.7721518987341772,0.8227848101265823,0.5056962025316454,0.6582278481012658,0.4430379746835443,0.8481012658227848,0.0379746835443038,0.35443037974683544,0.3924050632911392,0.4430379746835443
R6_coarse3_guard_combined_status_relation,0.7088607594936709,0.7341772151898734,0.7721518987341772,0.8227848101265823,0.5056962025316454,0.5949367088607594,0.4430379746835443,0.8481012658227848,0.05063291139240506,0.35443037974683544,0.3924050632911392,0.4430379746835443
