segment_id,gold_role,pred_word_unigram_nb,pred_word_unigram_bigram_nb,pred_char_3_5gram_nb,pred_centroid,text
HELDOUT2_S0001,BACKGROUND,DEFINE,CLAIM,CLAIM,CLAIM,A policy overview frames AI safety evaluation as part of institutional risk governance rather than a standalone metric exercise.
HELDOUT2_S0002,BACKGROUND,EXAMPLE,EXAMPLE,METHOD,EXAMPLE,"The release archive describes why model approval packets include evidence logs, reviewer notes, and unresolved caveats."
HELDOUT2_S0003,BACKGROUND,NEXT_STEP,NEXT_STEP,NEXT_STEP,NEXT_STEP,The privacy handbook gives consent examples before turning to any RouteMap annotation task.
HELDOUT2_S0004,BACKGROUND,BACKGROUND,RESULT,RESULT,RESULT,A documentation page introduces retrieval trace diagrams for teams that have never used route labels.
HELDOUT2_S0005,BACKGROUND,BACKGROUND,BACKGROUND,BACKGROUND,BACKGROUND,"An agent memory briefing mentions risk, benchmark drift, and long-context failures while setting document scope."
HELDOUT2_S0006,BACKGROUND,BACKGROUND,EXAMPLE,METHOD,EXAMPLE,The tool-use security note records common permission-check vocabulary used by incident responders.
HELDOUT2_S0007,BACKGROUND,BACKGROUND,BACKGROUND,BACKGROUND,BACKGROUND,"A benchmark design appendix lists source context, gold labels, and mismatch review artifacts for auditors."
HELDOUT2_S0008,BACKGROUND,LIMITATION,LIMITATION,EXAMPLE,RESULT,The evidence selection primer explains how policy context can affect which passages are useful to reviewers.
HELDOUT2_S0009,BACKGROUND,CLAIM,CLAIM,METHOD,CLAIM,"A model release governance catalog summarizes approval roles, audit trails, and release-board terminology."
HELDOUT2_S0010,BACKGROUND,LIMITATION,LIMITATION,METHOD,LIMITATION,An incident response playbook provides background on escalation records without recommending a new classifier.
HELDOUT2_S0011,CLAIM,CLAIM,CLAIM,CLAIM,CLAIM,AI safety evaluation becomes more credible when disagreement remains traceable instead of hidden behind an average.
HELDOUT2_S0012,CLAIM,CLAIM,CLAIM,CLAIM,CLAIM,"Model release governance should treat missing evidence as a decision risk, not as harmless paperwork."
HELDOUT2_S0013,CLAIM,LIMITATION,LIMITATION,LIMITATION,LIMITATION,Consent boundaries lose force when downstream permission checks are invisible to the answer composer.
HELDOUT2_S0014,CLAIM,EXAMPLE,DEFINE,CLAIM,DEFINE,"A retrieval trace matters because answer support depends on the path, not merely on a cited passage."
HELDOUT2_S0015,CLAIM,DEFINE,DEFINE,LIMITATION,DEFINE,Agent memory can amplify stale assumptions when route provenance is absent from recall.
HELDOUT2_S0016,CLAIM,METHOD,METHOD,METHOD,CLAIM,Controls that never travel with retrieved evidence rarely change practical review behaviour.
HELDOUT2_S0017,CLAIM,BACKGROUND,BACKGROUND,BACKGROUND,BACKGROUND,Benchmark design is weaker when easy source context outnumbers adversarial route segments.
HELDOUT2_S0018,CLAIM,METHOD,METHOD,METHOD,METHOD,Human review adds value only if reviewers can inspect the evidence selection path.
HELDOUT2_S0019,CLAIM,CLAIM,CLAIM,CLAIM,CLAIM,Tool-use security depends on permission boundaries being checked at the moment of action.
HELDOUT2_S0020,CLAIM,DEFINE,DEFINE,METHOD,DEFINE,An audit trail without answer support is evidence of activity rather than evidence of reliability.
HELDOUT2_S0021,DEFINE,METHOD,DEFINE,METHOD,DEFINE,"Route provenance: the documented lineage connecting source context, selected evidence, and answer support."
HELDOUT2_S0022,DEFINE,DEFINE,DEFINE,DEFINE,DEFINE,Retrieval trace names the visible sequence from question intent through evidence selection to final response.
HELDOUT2_S0023,DEFINE,EXAMPLE,DEFINE,DEFINE,DEFINE,Consent boundary covers the point at which a permission grant stops applying to a new use.
HELDOUT2_S0024,DEFINE,CLAIM,CLAIM,DEFINE,CLAIM,Model release governance denotes the approval practice linking evaluation findings to launch decisions.
HELDOUT2_S0025,DEFINE,CLAIM,DEFINE,CLAIM,DEFINE,Agent memory routing describes choosing stored context by dependency rather than by freshness alone.
HELDOUT2_S0026,DEFINE,DEFINE,DEFINE,DEFINE,DEFINE,A route segment label marks the job a passage performs inside a larger retrieval chain.
HELDOUT2_S0027,DEFINE,DEFINE,DEFINE,DEFINE,DEFINE,Answer support refers to evidence that directly justifies a response rather than merely sharing keywords.
HELDOUT2_S0028,DEFINE,EXAMPLE,EXAMPLE,DEFINE,DEFINE,"Audit trail, in this setting, names records that let reviewers reconstruct a release or retrieval decision."
HELDOUT2_S0029,DEFINE,CLAIM,CLAIM,CLAIM,CLAIM,"Control surface labels the places where safeguards can change model, tool, or data behaviour."
HELDOUT2_S0030,DEFINE,METHOD,METHOD,METHOD,METHOD,Human-review checkpoint names a decision point where automated evidence must be inspected before action.
HELDOUT2_S0031,METHOD,METHOD,METHOD,METHOD,METHOD,"Compare each generated answer against its retrieval trace, then flag unsupported assertions for review."
HELDOUT2_S0032,METHOD,EXAMPLE,EXAMPLE,EXAMPLE,METHOD,"Before launch, collect release evidence, unresolved limitations, and reviewer sign-off in one packet."
HELDOUT2_S0033,METHOD,DEFINE,DEFINE,EXAMPLE,DEFINE,Map consent records to permission checks before selecting evidence for a privacy-sensitive answer.
HELDOUT2_S0034,METHOD,CLAIM,CLAIM,CLAIM,CLAIM,"Rank memory candidates by route dependency, source age, and whether the task needs hidden state."
HELDOUT2_S0035,METHOD,EXAMPLE,EXAMPLE,METHOD,EXAMPLE,"Log tool calls with permission scope, selected route segment, and the reason the action was allowed."
HELDOUT2_S0036,METHOD,EXAMPLE,EXAMPLE,EXAMPLE,CLAIM,"During an incident review, connect symptoms to retrieval traces and then to the control that failed."
HELDOUT2_S0037,METHOD,RESULT,RESULT,NEXT_STEP,RESULT,"Sample benchmark rows from policy context, operational procedures, examples, and caveats in equal measure."
HELDOUT2_S0038,METHOD,METHOD,METHOD,METHOD,METHOD,Route uncertain answers to human review when evidence selection conflicts with the final answer.
HELDOUT2_S0039,METHOD,METHOD,DEFINE,METHOD,DEFINE,Store audit trail entries beside answer support so later reviewers can reproduce the decision.
HELDOUT2_S0040,METHOD,METHOD,METHOD,METHOD,METHOD,"Label the passage role first, record relation evidence second, and adjudicate entity boundaries last."
HELDOUT2_S0041,RESULT,RESULT,RESULT,METHOD,DEFINE,The evaluation run recovered more answer-support passages after route provenance was kept with the snippets.
HELDOUT2_S0042,RESULT,CLAIM,CLAIM,METHOD,CLAIM,Release reviewers resolved blocked decisions faster when caveats appeared beside the evidence packet.
HELDOUT2_S0043,RESULT,EXAMPLE,NEXT_STEP,EXAMPLE,EXAMPLE,The consent-boundary cases produced fewer false positives once permission checks were separated from general privacy text.
HELDOUT2_S0044,RESULT,CLAIM,CLAIM,CLAIM,CLAIM,Memory routing returned older but more relevant context for tasks with hidden state dependencies.
HELDOUT2_S0045,RESULT,METHOD,METHOD,METHOD,METHOD,Tool-use security review found that missing permission logs explained most rejected actions.
HELDOUT2_S0046,RESULT,RESULT,RESULT,RESULT,RESULT,A mixed benchmark split exposed brittle behaviour on examples that looked like procedures.
HELDOUT2_S0047,RESULT,METHOD,METHOD,METHOD,METHOD,Human reviewers agreed more often when the retrieval trace displayed rejected evidence as well as accepted evidence.
HELDOUT2_S0048,RESULT,CLAIM,CLAIM,EXAMPLE,CLAIM,Audit trail inspection showed that answer support was present in seven of nine release decisions.
HELDOUT2_S0049,RESULT,BACKGROUND,RESULT,METHOD,BACKGROUND,Evidence selection improved after source context was grouped by route segment instead of document order.
HELDOUT2_S0050,RESULT,RESULT,RESULT,RESULT,RESULT,The mismatch review revealed that policy-context rows were often confused with broad claims.
HELDOUT2_S0051,LIMITATION,LIMITATION,LIMITATION,LIMITATION,LIMITATION,Future benchmark rounds may still overstate generalisation if they reuse the same policy vocabulary.
HELDOUT2_S0052,LIMITATION,LIMITATION,LIMITATION,LIMITATION,LIMITATION,A complete release packet does not prove that the deployed model will behave safely after integration.
HELDOUT2_S0053,LIMITATION,LIMITATION,LIMITATION,LIMITATION,LIMITATION,Consent records can be too stale to justify a fresh tool action even when the interface looks authorized.
HELDOUT2_S0054,LIMITATION,EXAMPLE,EXAMPLE,EXAMPLE,EXAMPLE,Retrieval traces may miss reasoning steps that occur after evidence enters the prompt.
HELDOUT2_S0055,LIMITATION,CLAIM,CLAIM,CLAIM,CLAIM,Agent memory can preserve obsolete source context unless review processes remove or downgrade it.
HELDOUT2_S0056,LIMITATION,METHOD,METHOD,CLAIM,METHOD,Permission checks are not enough when the tool output can leak private data through a later route.
HELDOUT2_S0057,LIMITATION,METHOD,METHOD,METHOD,METHOD,Human review is constrained when audit trails omit rejected evidence and reviewer rationale.
HELDOUT2_S0058,LIMITATION,LIMITATION,LIMITATION,NEXT_STEP,LIMITATION,"A route benchmark remains incomplete without operational incidents, adversarial examples, and noisy documentation."
HELDOUT2_S0059,LIMITATION,LIMITATION,LIMITATION,LIMITATION,LIMITATION,Policy context can warn about risk without specifying the control step needed for a particular system.
HELDOUT2_S0060,LIMITATION,LIMITATION,LIMITATION,LIMITATION,LIMITATION,Answer support is fragile if relation labels are right but entity boundaries drift across passages.
HELDOUT2_S0061,NEXT_STEP,NEXT_STEP,NEXT_STEP,NEXT_STEP,NEXT_STEP,"Next, assemble a second fresh split from incident reports and release-board minutes."
HELDOUT2_S0062,NEXT_STEP,BACKGROUND,BACKGROUND,METHOD,BACKGROUND,Future evaluation should compare model release governance rows with ordinary project-management notes.
HELDOUT2_S0063,NEXT_STEP,NEXT_STEP,NEXT_STEP,NEXT_STEP,NEXT_STEP,Add consent-boundary examples that mix permission checks with unrelated privacy background.
HELDOUT2_S0064,NEXT_STEP,NEXT_STEP,NEXT_STEP,NEXT_STEP,NEXT_STEP,The next retrieval test should hide titles and require the extractor to infer route provenance from text alone.
HELDOUT2_S0065,NEXT_STEP,CLAIM,CLAIM,LIMITATION,CLAIM,Run an agent-memory benchmark where old context competes with newer but less relevant evidence.
HELDOUT2_S0066,NEXT_STEP,METHOD,METHOD,METHOD,METHOD,"A follow-up tool-use security set should include plugins, command execution, and delegated agents."
HELDOUT2_S0068,NEXT_STEP,NEXT_STEP,NEXT_STEP,RESULT,RESULT,"Build noisy benchmark rows that contain definitions, caveats, and examples in a single paragraph."
HELDOUT2_S0069,NEXT_STEP,NEXT_STEP,NEXT_STEP,NEXT_STEP,NEXT_STEP,The next audit-trail test should measure whether reviewers can reconstruct the release decision.
HELDOUT2_S0070,NEXT_STEP,CLAIM,DEFINE,RESULT,DEFINE,Create answer-support cases where the cited passage is relevant but the relation path is wrong.
HELDOUT2_S0071,EXAMPLE,EXAMPLE,EXAMPLE,EXAMPLE,EXAMPLE,"In a hospital triage review, consent evidence and safety evaluation notes can point to different routes."
HELDOUT2_S0072,EXAMPLE,METHOD,METHOD,METHOD,METHOD,Suppose a release board blocks launch because the audit trail lacks reviewer rationale.
HELDOUT2_S0073,EXAMPLE,EXAMPLE,EXAMPLE,EXAMPLE,EXAMPLE,"When a support chatbot requests a refund-tool call, the permission boundary may depend on account history."
HELDOUT2_S0074,EXAMPLE,EXAMPLE,EXAMPLE,CLAIM,EXAMPLE,One coding task may need last week's migration note rather than the newest design comment.
HELDOUT2_S0075,EXAMPLE,EXAMPLE,NEXT_STEP,DEFINE,EXAMPLE,"For instance, a cited paragraph can mention privacy while failing to support the answer's consent claim."
HELDOUT2_S0076,EXAMPLE,METHOD,METHOD,CLAIM,METHOD,A plugin that reads calendars and sends email illustrates why tool-use security needs separate route checks.
HELDOUT2_S0077,EXAMPLE,EXAMPLE,EXAMPLE,METHOD,EXAMPLE,"During an incident, an operator might trace a harmful answer through retrieval logs and a stale memory entry."
HELDOUT2_S0078,EXAMPLE,EXAMPLE,EXAMPLE,EXAMPLE,EXAMPLE,A synthetic benchmark row could look procedural while actually describing a concrete reviewer scenario.
HELDOUT2_S0079,EXAMPLE,EXAMPLE,EXAMPLE,EXAMPLE,EXAMPLE,An auditor comparing two release packets may follow evidence selection differences before reading conclusions.
HELDOUT2_S0080,EXAMPLE,LIMITATION,DEFINE,METHOD,DEFINE,A final answer that cites policy context but omits the controlling route segment shows a support failure.
