doc_id,title,segment_id,source_doc,source_topic,segment_index,route_question,text,segment_text,role,entities,operative_status,relation,answer_relevance,gold_role,gold_entities,gold_operative_status,gold_relation,gold_answer_relevance,annotation_notes,gold_answer_relevant,answer_relevant
TB_DOC_01_civicaid_permit_triage,CivicAid Permit Triage,TB001,TB_DOC_01_civicaid_permit_triage,CivicAid Permit Triage,1,How should a permit-triage assistant route civic service requests?,"CivicAid Permit Triage is a routing layer for council service requests, separating planning questions, permit evidence, payment status, and escalation cases before a human officer reviews the file.","CivicAid Permit Triage is a routing layer for council service requests, separating planning questions, permit evidence, payment status, and escalation cases before a human officer reviews the file.",DEFINE,"[""CivicAid Permit Triage"", ""council service requests"", ""planning questions"", ""permit evidence"", ""payment status"", ""human officer""]",OPERATIVE,SUPPORTS,RELEVANT,DEFINE,"[""CivicAid Permit Triage"", ""council service requests"", ""planning questions"", ""permit evidence"", ""payment status"", ""human officer""]",OPERATIVE,SUPPORTS,RELEVANT,assistant_generated_external_blind_gold; review labels if validator expects different enum names,RELEVANT,RELEVANT
TB_DOC_01_civicaid_permit_triage,CivicAid Permit Triage,TB002,TB_DOC_01_civicaid_permit_triage,CivicAid Permit Triage,2,How should a permit-triage assistant route civic service requests?,"The starting problem is that residents often submit one long message containing a complaint, a permit query, and missing-document evidence in the same paragraph.","The starting problem is that residents often submit one long message containing a complaint, a permit query, and missing-document evidence in the same paragraph.",BACKGROUND,"[""residents"", ""complaint"", ""permit query"", ""missing-document evidence""]",NON_OPERATIVE,CONTEXT,RELEVANT,BACKGROUND,"[""residents"", ""complaint"", ""permit query"", ""missing-document evidence""]",NON_OPERATIVE,CONTEXT,RELEVANT,assistant_generated_external_blind_gold; review labels if validator expects different enum names,RELEVANT,RELEVANT
TB_DOC_01_civicaid_permit_triage,CivicAid Permit Triage,TB003,TB_DOC_01_civicaid_permit_triage,CivicAid Permit Triage,3,How should a permit-triage assistant route civic service requests?,"The first pass should classify each sentence into request type, required evidence, deadline sensitivity, and whether the user is asking for status or a new decision.","The first pass should classify each sentence into request type, required evidence, deadline sensitivity, and whether the user is asking for status or a new decision.",METHOD,"[""request type"", ""required evidence"", ""deadline sensitivity"", ""status"", ""new decision""]",OPERATIVE,SUPPORTS,RELEVANT,METHOD,"[""request type"", ""required evidence"", ""deadline sensitivity"", ""status"", ""new decision""]",OPERATIVE,SUPPORTS,RELEVANT,assistant_generated_external_blind_gold; review labels if validator expects different enum names,RELEVANT,RELEVANT
TB_DOC_01_civicaid_permit_triage,CivicAid Permit Triage,TB004,TB_DOC_01_civicaid_permit_triage,CivicAid Permit Triage,4,How should a permit-triage assistant route civic service requests?,"The assistant must not issue planning permission, promise approval, or treat a partial screenshot as sufficient legal evidence.","The assistant must not issue planning permission, promise approval, or treat a partial screenshot as sufficient legal evidence.",LIMITATION,"[""assistant"", ""planning permission"", ""approval"", ""partial screenshot"", ""legal evidence""]",OPERATIVE,CONSTRAINS,RELEVANT,LIMITATION,"[""assistant"", ""planning permission"", ""approval"", ""partial screenshot"", ""legal evidence""]",OPERATIVE,CONSTRAINS,RELEVANT,assistant_generated_external_blind_gold; review labels if validator expects different enum names,RELEVANT,RELEVANT
TB_DOC_01_civicaid_permit_triage,CivicAid Permit Triage,TB005,TB_DOC_01_civicaid_permit_triage,CivicAid Permit Triage,5,How should a permit-triage assistant route civic service requests?,A pilot review of fifty archived requests found that most routing errors came from missing attachments rather than from misreading the resident's intent.,A pilot review of fifty archived requests found that most routing errors came from missing attachments rather than from misreading the resident's intent.,RESULT,"[""pilot review"", ""archived requests"", ""routing errors"", ""missing attachments"", ""resident intent""]",NON_OPERATIVE,RESULT_OF,RELEVANT,RESULT,"[""pilot review"", ""archived requests"", ""routing errors"", ""missing attachments"", ""resident intent""]",NON_OPERATIVE,RESULT_OF,RELEVANT,assistant_generated_external_blind_gold; review labels if validator expects different enum names,RELEVANT,RELEVANT
TB_DOC_01_civicaid_permit_triage,CivicAid Permit Triage,TB006,TB_DOC_01_civicaid_permit_triage,CivicAid Permit Triage,6,How should a permit-triage assistant route civic service requests?,"Next, build a blind annotation batch from unseen council-style messages and compare the route classifier against the current manual triage spreadsheet.","Next, build a blind annotation batch from unseen council-style messages and compare the route classifier against the current manual triage spreadsheet.",NEXT_STEP,"[""blind annotation batch"", ""council-style messages"", ""route classifier"", ""manual triage spreadsheet""]",OPERATIVE,NEXT_STEP,RELEVANT,NEXT_STEP,"[""blind annotation batch"", ""council-style messages"", ""route classifier"", ""manual triage spreadsheet""]",OPERATIVE,NEXT_STEP,RELEVANT,assistant_generated_external_blind_gold; review labels if validator expects different enum names,RELEVANT,RELEVANT
TB_DOC_02_harborflow_container_exceptions,HarborFlow Container Exceptions,TB007,TB_DOC_02_harborflow_container_exceptions,HarborFlow Container Exceptions,1,How should container-shipping exceptions be routed and audited?,"HarborFlow is a logistics exception tracker for containers that are delayed, inspected, damaged, or missing gate-out confirmation.","HarborFlow is a logistics exception tracker for containers that are delayed, inspected, damaged, or missing gate-out confirmation.",DEFINE,"[""HarborFlow"", ""logistics exception tracker"", ""containers"", ""gate-out confirmation""]",OPERATIVE,SUPPORTS,RELEVANT,DEFINE,"[""HarborFlow"", ""logistics exception tracker"", ""containers"", ""gate-out confirmation""]",OPERATIVE,SUPPORTS,RELEVANT,assistant_generated_external_blind_gold; review labels if validator expects different enum names,RELEVANT,RELEVANT
TB_DOC_02_harborflow_container_exceptions,HarborFlow Container Exceptions,TB008,TB_DOC_02_harborflow_container_exceptions,HarborFlow Container Exceptions,2,How should container-shipping exceptions be routed and audited?,"The port team currently handles exceptions through email chains, which makes it difficult to distinguish a customs hold from a carrier delay.","The port team currently handles exceptions through email chains, which makes it difficult to distinguish a customs hold from a carrier delay.",BACKGROUND,"[""port team"", ""email chains"", ""customs hold"", ""carrier delay""]",NON_OPERATIVE,CONTEXT,RELEVANT,BACKGROUND,"[""port team"", ""email chains"", ""customs hold"", ""carrier delay""]",NON_OPERATIVE,CONTEXT,RELEVANT,assistant_generated_external_blind_gold; review labels if validator expects different enum names,RELEVANT,RELEVANT
TB_DOC_02_harborflow_container_exceptions,HarborFlow Container Exceptions,TB009,TB_DOC_02_harborflow_container_exceptions,HarborFlow Container Exceptions,3,How should container-shipping exceptions be routed and audited?,"Each exception should be routed by cause, accountable party, last verified timestamp, and financial exposure before the operations lead sees it.","Each exception should be routed by cause, accountable party, last verified timestamp, and financial exposure before the operations lead sees it.",METHOD,"[""exception"", ""cause"", ""accountable party"", ""last verified timestamp"", ""financial exposure"", ""operations lead""]",OPERATIVE,SUPPORTS,RELEVANT,METHOD,"[""exception"", ""cause"", ""accountable party"", ""last verified timestamp"", ""financial exposure"", ""operations lead""]",OPERATIVE,SUPPORTS,RELEVANT,assistant_generated_external_blind_gold; review labels if validator expects different enum names,RELEVANT,RELEVANT
TB_DOC_02_harborflow_container_exceptions,HarborFlow Container Exceptions,TB010,TB_DOC_02_harborflow_container_exceptions,HarborFlow Container Exceptions,4,How should container-shipping exceptions be routed and audited?,"For example, a refrigerated container with a temperature alarm and a missing inspection seal should route to both cold-chain risk and compliance review.","For example, a refrigerated container with a temperature alarm and a missing inspection seal should route to both cold-chain risk and compliance review.",EXAMPLE,"[""refrigerated container"", ""temperature alarm"", ""inspection seal"", ""cold-chain risk"", ""compliance review""]",NON_OPERATIVE,EXEMPLIFIES,RELEVANT,EXAMPLE,"[""refrigerated container"", ""temperature alarm"", ""inspection seal"", ""cold-chain risk"", ""compliance review""]",NON_OPERATIVE,EXEMPLIFIES,RELEVANT,assistant_generated_external_blind_gold; review labels if validator expects different enum names,RELEVANT,RELEVANT
TB_DOC_02_harborflow_container_exceptions,HarborFlow Container Exceptions,TB011,TB_DOC_02_harborflow_container_exceptions,HarborFlow Container Exceptions,5,How should container-shipping exceptions be routed and audited?,The system should not infer cargo value from commodity notes unless the value is present in a verified shipment record.,The system should not infer cargo value from commodity notes unless the value is present in a verified shipment record.,LIMITATION,"[""cargo value"", ""commodity notes"", ""verified shipment record""]",OPERATIVE,CONSTRAINS,RELEVANT,LIMITATION,"[""cargo value"", ""commodity notes"", ""verified shipment record""]",OPERATIVE,CONSTRAINS,RELEVANT,assistant_generated_external_blind_gold; review labels if validator expects different enum names,RELEVANT,RELEVANT
TB_DOC_02_harborflow_container_exceptions,HarborFlow Container Exceptions,TB012,TB_DOC_02_harborflow_container_exceptions,HarborFlow Container Exceptions,6,How should container-shipping exceptions be routed and audited?,Add a rule that flags any exception whose dwell time passes forty-eight hours without a confirmed owner.,Add a rule that flags any exception whose dwell time passes forty-eight hours without a confirmed owner.,NEXT_STEP,"[""exception"", ""dwell time"", ""forty-eight hours"", ""confirmed owner""]",OPERATIVE,NEXT_STEP,RELEVANT,NEXT_STEP,"[""exception"", ""dwell time"", ""forty-eight hours"", ""confirmed owner""]",OPERATIVE,NEXT_STEP,RELEVANT,assistant_generated_external_blind_gold; review labels if validator expects different enum names,RELEVANT,RELEVANT
TB_DOC_03_clinicpulse_backlog,ClinicPulse Backlog Monitor,TB013,TB_DOC_03_clinicpulse_backlog,ClinicPulse Backlog Monitor,1,"How should a clinic backlog monitor separate definitions, methods, limits, and next actions?","ClinicPulse is a backlog monitor that groups appointment delays by pathway, urgency, clinician dependency, and patient-contact status.","ClinicPulse is a backlog monitor that groups appointment delays by pathway, urgency, clinician dependency, and patient-contact status.",DEFINE,"[""ClinicPulse"", ""backlog monitor"", ""appointment delays"", ""pathway"", ""urgency"", ""clinician dependency"", ""patient-contact status""]",OPERATIVE,SUPPORTS,RELEVANT,DEFINE,"[""ClinicPulse"", ""backlog monitor"", ""appointment delays"", ""pathway"", ""urgency"", ""clinician dependency"", ""patient-contact status""]",OPERATIVE,SUPPORTS,RELEVANT,assistant_generated_external_blind_gold; review labels if validator expects different enum names,RELEVANT,RELEVANT
TB_DOC_03_clinicpulse_backlog,ClinicPulse Backlog Monitor,TB014,TB_DOC_03_clinicpulse_backlog,ClinicPulse Backlog Monitor,2,"How should a clinic backlog monitor separate definitions, methods, limits, and next actions?",The clinic manager needs a clearer difference between patients waiting for clinical review and patients waiting only for administrative booking.,The clinic manager needs a clearer difference between patients waiting for clinical review and patients waiting only for administrative booking.,BACKGROUND,"[""clinic manager"", ""clinical review"", ""administrative booking"", ""patients""]",NON_OPERATIVE,CONTEXT,RELEVANT,BACKGROUND,"[""clinic manager"", ""clinical review"", ""administrative booking"", ""patients""]",NON_OPERATIVE,CONTEXT,RELEVANT,assistant_generated_external_blind_gold; review labels if validator expects different enum names,RELEVANT,RELEVANT
TB_DOC_03_clinicpulse_backlog,ClinicPulse Backlog Monitor,TB015,TB_DOC_03_clinicpulse_backlog,ClinicPulse Backlog Monitor,3,"How should a clinic backlog monitor separate definitions, methods, limits, and next actions?","The route map should extract pathway name, current wait age, blocker type, and the next responsible role from every backlog note.","The route map should extract pathway name, current wait age, blocker type, and the next responsible role from every backlog note.",METHOD,"[""route map"", ""pathway name"", ""current wait age"", ""blocker type"", ""responsible role"", ""backlog note""]",OPERATIVE,SUPPORTS,RELEVANT,METHOD,"[""route map"", ""pathway name"", ""current wait age"", ""blocker type"", ""responsible role"", ""backlog note""]",OPERATIVE,SUPPORTS,RELEVANT,assistant_generated_external_blind_gold; review labels if validator expects different enum names,RELEVANT,RELEVANT
TB_DOC_03_clinicpulse_backlog,ClinicPulse Backlog Monitor,TB016,TB_DOC_03_clinicpulse_backlog,ClinicPulse Backlog Monitor,4,"How should a clinic backlog monitor separate definitions, methods, limits, and next actions?","Change the existing urgent flag so that it depends on clinical risk wording, not merely the number of days since referral.","Change the existing urgent flag so that it depends on clinical risk wording, not merely the number of days since referral.",MODIFY,"[""urgent flag"", ""clinical risk wording"", ""days since referral""]",OPERATIVE,MODIFIES,RELEVANT,MODIFY,"[""urgent flag"", ""clinical risk wording"", ""days since referral""]",OPERATIVE,MODIFIES,RELEVANT,assistant_generated_external_blind_gold; review labels if validator expects different enum names,RELEVANT,RELEVANT
TB_DOC_03_clinicpulse_backlog,ClinicPulse Backlog Monitor,TB017,TB_DOC_03_clinicpulse_backlog,ClinicPulse Backlog Monitor,5,"How should a clinic backlog monitor separate definitions, methods, limits, and next actions?",The first sample showed that administrative blockers were over-counted because two booking teams used different names for the same queue.,The first sample showed that administrative blockers were over-counted because two booking teams used different names for the same queue.,RESULT,"[""administrative blockers"", ""booking teams"", ""queue"", ""sample""]",NON_OPERATIVE,RESULT_OF,RELEVANT,RESULT,"[""administrative blockers"", ""booking teams"", ""queue"", ""sample""]",NON_OPERATIVE,RESULT_OF,RELEVANT,assistant_generated_external_blind_gold; review labels if validator expects different enum names,RELEVANT,RELEVANT
TB_DOC_03_clinicpulse_backlog,ClinicPulse Backlog Monitor,TB018,TB_DOC_03_clinicpulse_backlog,ClinicPulse Backlog Monitor,6,"How should a clinic backlog monitor separate definitions, methods, limits, and next actions?",Do not expose patient identifiers in the model prompt; use synthetic IDs and keep the re-identification key outside the evaluation folder.,Do not expose patient identifiers in the model prompt; use synthetic IDs and keep the re-identification key outside the evaluation folder.,LIMITATION,"[""patient identifiers"", ""model prompt"", ""synthetic IDs"", ""re-identification key"", ""evaluation folder""]",OPERATIVE,CONSTRAINS,RELEVANT,LIMITATION,"[""patient identifiers"", ""model prompt"", ""synthetic IDs"", ""re-identification key"", ""evaluation folder""]",OPERATIVE,CONSTRAINS,RELEVANT,assistant_generated_external_blind_gold; review labels if validator expects different enum names,RELEVANT,RELEVANT
TB_DOC_04_gridlens_battery_maintenance,GridLens Battery Maintenance,TB019,TB_DOC_04_gridlens_battery_maintenance,GridLens Battery Maintenance,1,How should battery maintenance notes be routed for risk and action?,"GridLens is a maintenance-routing tool for battery storage sites, focused on inverter faults, thermal alerts, state-of-charge anomalies, and technician dispatch.","GridLens is a maintenance-routing tool for battery storage sites, focused on inverter faults, thermal alerts, state-of-charge anomalies, and technician dispatch.",DEFINE,"[""GridLens"", ""battery storage sites"", ""inverter faults"", ""thermal alerts"", ""state-of-charge anomalies"", ""technician dispatch""]",OPERATIVE,SUPPORTS,RELEVANT,DEFINE,"[""GridLens"", ""battery storage sites"", ""inverter faults"", ""thermal alerts"", ""state-of-charge anomalies"", ""technician dispatch""]",OPERATIVE,SUPPORTS,RELEVANT,assistant_generated_external_blind_gold; review labels if validator expects different enum names,RELEVANT,RELEVANT
TB_DOC_04_gridlens_battery_maintenance,GridLens Battery Maintenance,TB020,TB_DOC_04_gridlens_battery_maintenance,GridLens Battery Maintenance,2,How should battery maintenance notes be routed for risk and action?,"The maintenance team receives telemetry summaries and engineer notes in separate systems, so repeated faults are often missed.","The maintenance team receives telemetry summaries and engineer notes in separate systems, so repeated faults are often missed.",BACKGROUND,"[""maintenance team"", ""telemetry summaries"", ""engineer notes"", ""repeated faults""]",NON_OPERATIVE,CONTEXT,RELEVANT,BACKGROUND,"[""maintenance team"", ""telemetry summaries"", ""engineer notes"", ""repeated faults""]",NON_OPERATIVE,CONTEXT,RELEVANT,assistant_generated_external_blind_gold; review labels if validator expects different enum names,RELEVANT,RELEVANT
TB_DOC_04_gridlens_battery_maintenance,GridLens Battery Maintenance,TB021,TB_DOC_04_gridlens_battery_maintenance,GridLens Battery Maintenance,3,How should battery maintenance notes be routed for risk and action?,"Normalize every note into asset, symptom, severity, recurrence count, safety implication, and recommended intervention.","Normalize every note into asset, symptom, severity, recurrence count, safety implication, and recommended intervention.",METHOD,"[""asset"", ""symptom"", ""severity"", ""recurrence count"", ""safety implication"", ""recommended intervention""]",OPERATIVE,SUPPORTS,RELEVANT,METHOD,"[""asset"", ""symptom"", ""severity"", ""recurrence count"", ""safety implication"", ""recommended intervention""]",OPERATIVE,SUPPORTS,RELEVANT,assistant_generated_external_blind_gold; review labels if validator expects different enum names,RELEVANT,RELEVANT
TB_DOC_04_gridlens_battery_maintenance,GridLens Battery Maintenance,TB022,TB_DOC_04_gridlens_battery_maintenance,GridLens Battery Maintenance,4,How should battery maintenance notes be routed for risk and action?,"If the alert is caused by a planned firmware test, route it as scheduled work rather than as an operational incident.","If the alert is caused by a planned firmware test, route it as scheduled work rather than as an operational incident.",EXCEPT,"[""alert"", ""planned firmware test"", ""scheduled work"", ""operational incident""]",OPERATIVE,EXCEPTS,RELEVANT,EXCEPT,"[""alert"", ""planned firmware test"", ""scheduled work"", ""operational incident""]",OPERATIVE,EXCEPTS,RELEVANT,assistant_generated_external_blind_gold; review labels if validator expects different enum names,RELEVANT,RELEVANT
TB_DOC_04_gridlens_battery_maintenance,GridLens Battery Maintenance,TB023,TB_DOC_04_gridlens_battery_maintenance,GridLens Battery Maintenance,5,How should battery maintenance notes be routed for risk and action?,"In the dry run, the model correctly grouped inverter trips but confused balancing events with thermal warnings.","In the dry run, the model correctly grouped inverter trips but confused balancing events with thermal warnings.",RESULT,"[""dry run"", ""model"", ""inverter trips"", ""balancing events"", ""thermal warnings""]",NON_OPERATIVE,RESULT_OF,RELEVANT,RESULT,"[""dry run"", ""model"", ""inverter trips"", ""balancing events"", ""thermal warnings""]",NON_OPERATIVE,RESULT_OF,RELEVANT,assistant_generated_external_blind_gold; review labels if validator expects different enum names,RELEVANT,RELEVANT
TB_DOC_04_gridlens_battery_maintenance,GridLens Battery Maintenance,TB024,TB_DOC_04_gridlens_battery_maintenance,GridLens Battery Maintenance,6,How should battery maintenance notes be routed for risk and action?,Create a small blind set from new engineer notes before changing the production alert rules.,Create a small blind set from new engineer notes before changing the production alert rules.,NEXT_STEP,"[""blind set"", ""engineer notes"", ""production alert rules""]",OPERATIVE,NEXT_STEP,RELEVANT,NEXT_STEP,"[""blind set"", ""engineer notes"", ""production alert rules""]",OPERATIVE,NEXT_STEP,RELEVANT,assistant_generated_external_blind_gold; review labels if validator expects different enum names,RELEVANT,RELEVANT
TB_DOC_05_tutortrail_learning_routes,TutorTrail Learning Routes,TB025,TB_DOC_05_tutortrail_learning_routes,TutorTrail Learning Routes,1,How should a learning assistant route student progress notes?,"TutorTrail converts free-text tutoring notes into learning routes such as concept gap, practice need, confidence issue, assessment target, and parent follow-up.","TutorTrail converts free-text tutoring notes into learning routes such as concept gap, practice need, confidence issue, assessment target, and parent follow-up.",DEFINE,"[""TutorTrail"", ""tutoring notes"", ""learning routes"", ""concept gap"", ""practice need"", ""confidence issue"", ""assessment target"", ""parent follow-up""]",OPERATIVE,SUPPORTS,RELEVANT,DEFINE,"[""TutorTrail"", ""tutoring notes"", ""learning routes"", ""concept gap"", ""practice need"", ""confidence issue"", ""assessment target"", ""parent follow-up""]",OPERATIVE,SUPPORTS,RELEVANT,assistant_generated_external_blind_gold; review labels if validator expects different enum names,RELEVANT,RELEVANT
TB_DOC_05_tutortrail_learning_routes,TutorTrail Learning Routes,TB026,TB_DOC_05_tutortrail_learning_routes,TutorTrail Learning Routes,2,How should a learning assistant route student progress notes?,"Tutors often describe ability, behaviour, and homework completion together, which makes the next lesson plan hard to automate.","Tutors often describe ability, behaviour, and homework completion together, which makes the next lesson plan hard to automate.",BACKGROUND,"[""tutors"", ""ability"", ""behaviour"", ""homework completion"", ""lesson plan""]",NON_OPERATIVE,CONTEXT,RELEVANT,BACKGROUND,"[""tutors"", ""ability"", ""behaviour"", ""homework completion"", ""lesson plan""]",NON_OPERATIVE,CONTEXT,RELEVANT,assistant_generated_external_blind_gold; review labels if validator expects different enum names,RELEVANT,RELEVANT
TB_DOC_05_tutortrail_learning_routes,TutorTrail Learning Routes,TB027,TB_DOC_05_tutortrail_learning_routes,TutorTrail Learning Routes,3,How should a learning assistant route student progress notes?,"Extract the topic, misconception, evidence sentence, recommended exercise type, and whether the issue is conceptual or fluency-based.","Extract the topic, misconception, evidence sentence, recommended exercise type, and whether the issue is conceptual or fluency-based.",METHOD,"[""topic"", ""misconception"", ""evidence sentence"", ""exercise type"", ""conceptual issue"", ""fluency-based issue""]",OPERATIVE,SUPPORTS,RELEVANT,METHOD,"[""topic"", ""misconception"", ""evidence sentence"", ""exercise type"", ""conceptual issue"", ""fluency-based issue""]",OPERATIVE,SUPPORTS,RELEVANT,assistant_generated_external_blind_gold; review labels if validator expects different enum names,RELEVANT,RELEVANT
TB_DOC_05_tutortrail_learning_routes,TutorTrail Learning Routes,TB028,TB_DOC_05_tutortrail_learning_routes,TutorTrail Learning Routes,4,How should a learning assistant route student progress notes?,"A note saying the pupil can solve linear equations but freezes when the wording changes should route to transfer practice, not basic algebra.","A note saying the pupil can solve linear equations but freezes when the wording changes should route to transfer practice, not basic algebra.",EXAMPLE,"[""pupil"", ""linear equations"", ""wording"", ""transfer practice"", ""basic algebra""]",NON_OPERATIVE,EXEMPLIFIES,RELEVANT,EXAMPLE,"[""pupil"", ""linear equations"", ""wording"", ""transfer practice"", ""basic algebra""]",NON_OPERATIVE,EXEMPLIFIES,RELEVANT,assistant_generated_external_blind_gold; review labels if validator expects different enum names,RELEVANT,RELEVANT
TB_DOC_05_tutortrail_learning_routes,TutorTrail Learning Routes,TB029,TB_DOC_05_tutortrail_learning_routes,TutorTrail Learning Routes,5,How should a learning assistant route student progress notes?,Do not infer a special educational need from a single frustration note unless the tutor explicitly recorded an assessed support plan.,Do not infer a special educational need from a single frustration note unless the tutor explicitly recorded an assessed support plan.,LIMITATION,"[""special educational need"", ""frustration note"", ""tutor"", ""support plan""]",OPERATIVE,CONSTRAINS,RELEVANT,LIMITATION,"[""special educational need"", ""frustration note"", ""tutor"", ""support plan""]",OPERATIVE,CONSTRAINS,RELEVANT,assistant_generated_external_blind_gold; review labels if validator expects different enum names,RELEVANT,RELEVANT
TB_DOC_05_tutortrail_learning_routes,TutorTrail Learning Routes,TB030,TB_DOC_05_tutortrail_learning_routes,TutorTrail Learning Routes,6,How should a learning assistant route student progress notes?,Add a reviewer column so senior tutors can adjudicate borderline cases before those labels enter the gold set.,Add a reviewer column so senior tutors can adjudicate borderline cases before those labels enter the gold set.,NEXT_STEP,"[""reviewer column"", ""senior tutors"", ""borderline cases"", ""gold set""]",OPERATIVE,NEXT_STEP,RELEVANT,NEXT_STEP,"[""reviewer column"", ""senior tutors"", ""borderline cases"", ""gold set""]",OPERATIVE,NEXT_STEP,RELEVANT,assistant_generated_external_blind_gold; review labels if validator expects different enum names,RELEVANT,RELEVANT
TB_DOC_06_fraudsieve_invoice_controls,FraudSieve Invoice Controls,TB031,TB_DOC_06_fraudsieve_invoice_controls,FraudSieve Invoice Controls,1,How should invoice-fraud control notes be extracted into routes?,"FraudSieve is an invoice-control router that separates vendor identity changes, bank-detail changes, duplicate invoice patterns, and approval bypasses.","FraudSieve is an invoice-control router that separates vendor identity changes, bank-detail changes, duplicate invoice patterns, and approval bypasses.",DEFINE,"[""FraudSieve"", ""invoice-control router"", ""vendor identity changes"", ""bank-detail changes"", ""duplicate invoice patterns"", ""approval bypasses""]",OPERATIVE,SUPPORTS,RELEVANT,DEFINE,"[""FraudSieve"", ""invoice-control router"", ""vendor identity changes"", ""bank-detail changes"", ""duplicate invoice patterns"", ""approval bypasses""]",OPERATIVE,SUPPORTS,RELEVANT,assistant_generated_external_blind_gold; review labels if validator expects different enum names,RELEVANT,RELEVANT
TB_DOC_06_fraudsieve_invoice_controls,FraudSieve Invoice Controls,TB032,TB_DOC_06_fraudsieve_invoice_controls,FraudSieve Invoice Controls,2,How should invoice-fraud control notes be extracted into routes?,"Finance reviewers currently mark many alerts as suspicious without explaining whether the risk comes from the vendor, the invoice, or the approver.","Finance reviewers currently mark many alerts as suspicious without explaining whether the risk comes from the vendor, the invoice, or the approver.",BACKGROUND,"[""finance reviewers"", ""alerts"", ""vendor"", ""invoice"", ""approver""]",NON_OPERATIVE,CONTEXT,RELEVANT,BACKGROUND,"[""finance reviewers"", ""alerts"", ""vendor"", ""invoice"", ""approver""]",NON_OPERATIVE,CONTEXT,RELEVANT,assistant_generated_external_blind_gold; review labels if validator expects different enum names,RELEVANT,RELEVANT
TB_DOC_06_fraudsieve_invoice_controls,FraudSieve Invoice Controls,TB033,TB_DOC_06_fraudsieve_invoice_controls,FraudSieve Invoice Controls,3,How should invoice-fraud control notes be extracted into routes?,"The extraction should identify the payment risk, the evidence field, the control that failed, and the next approval gate.","The extraction should identify the payment risk, the evidence field, the control that failed, and the next approval gate.",METHOD,"[""payment risk"", ""evidence field"", ""control"", ""approval gate""]",OPERATIVE,SUPPORTS,RELEVANT,METHOD,"[""payment risk"", ""evidence field"", ""control"", ""approval gate""]",OPERATIVE,SUPPORTS,RELEVANT,assistant_generated_external_blind_gold; review labels if validator expects different enum names,RELEVANT,RELEVANT
TB_DOC_06_fraudsieve_invoice_controls,FraudSieve Invoice Controls,TB034,TB_DOC_06_fraudsieve_invoice_controls,FraudSieve Invoice Controls,4,How should invoice-fraud control notes be extracted into routes?,"Replace the old duplicate check with a normalized comparison across invoice number, supplier name, gross amount, and purchase-order reference.","Replace the old duplicate check with a normalized comparison across invoice number, supplier name, gross amount, and purchase-order reference.",MODIFY,"[""duplicate check"", ""invoice number"", ""supplier name"", ""gross amount"", ""purchase-order reference""]",OPERATIVE,MODIFIES,RELEVANT,MODIFY,"[""duplicate check"", ""invoice number"", ""supplier name"", ""gross amount"", ""purchase-order reference""]",OPERATIVE,MODIFIES,RELEVANT,assistant_generated_external_blind_gold; review labels if validator expects different enum names,RELEVANT,RELEVANT
TB_DOC_06_fraudsieve_invoice_controls,FraudSieve Invoice Controls,TB035,TB_DOC_06_fraudsieve_invoice_controls,FraudSieve Invoice Controls,5,How should invoice-fraud control notes be extracted into routes?,A sample of historic alerts showed high precision for exact duplicate invoices but weak recall for slightly altered supplier names.,A sample of historic alerts showed high precision for exact duplicate invoices but weak recall for slightly altered supplier names.,RESULT,"[""historic alerts"", ""precision"", ""duplicate invoices"", ""recall"", ""supplier names""]",NON_OPERATIVE,RESULT_OF,RELEVANT,RESULT,"[""historic alerts"", ""precision"", ""duplicate invoices"", ""recall"", ""supplier names""]",NON_OPERATIVE,RESULT_OF,RELEVANT,assistant_generated_external_blind_gold; review labels if validator expects different enum names,RELEVANT,RELEVANT
TB_DOC_06_fraudsieve_invoice_controls,FraudSieve Invoice Controls,TB036,TB_DOC_06_fraudsieve_invoice_controls,FraudSieve Invoice Controls,6,How should invoice-fraud control notes be extracted into routes?,The tool should not block payment automatically; it should route the case to a named approver with the evidence attached.,The tool should not block payment automatically; it should route the case to a named approver with the evidence attached.,LIMITATION,"[""tool"", ""payment"", ""case"", ""approver"", ""evidence""]",OPERATIVE,CONSTRAINS,RELEVANT,LIMITATION,"[""tool"", ""payment"", ""case"", ""approver"", ""evidence""]",OPERATIVE,CONSTRAINS,RELEVANT,assistant_generated_external_blind_gold; review labels if validator expects different enum names,RELEVANT,RELEVANT
TB_DOC_07_riverwatch_flood_notes,RiverWatch Flood Notes,TB037,TB_DOC_07_riverwatch_flood_notes,RiverWatch Flood Notes,1,How should flood-risk field notes be routed for operational decisions?,"RiverWatch turns field notes about water levels, blocked culverts, pump status, and road closures into flood-response routes.","RiverWatch turns field notes about water levels, blocked culverts, pump status, and road closures into flood-response routes.",DEFINE,"[""RiverWatch"", ""field notes"", ""water levels"", ""blocked culverts"", ""pump status"", ""road closures"", ""flood-response routes""]",OPERATIVE,SUPPORTS,RELEVANT,DEFINE,"[""RiverWatch"", ""field notes"", ""water levels"", ""blocked culverts"", ""pump status"", ""road closures"", ""flood-response routes""]",OPERATIVE,SUPPORTS,RELEVANT,assistant_generated_external_blind_gold; review labels if validator expects different enum names,RELEVANT,RELEVANT
TB_DOC_07_riverwatch_flood_notes,RiverWatch Flood Notes,TB038,TB_DOC_07_riverwatch_flood_notes,RiverWatch Flood Notes,2,How should flood-risk field notes be routed for operational decisions?,"The duty officer receives photos, resident calls, and sensor messages, but only some of them imply a required field deployment.","The duty officer receives photos, resident calls, and sensor messages, but only some of them imply a required field deployment.",BACKGROUND,"[""duty officer"", ""photos"", ""resident calls"", ""sensor messages"", ""field deployment""]",NON_OPERATIVE,CONTEXT,RELEVANT,BACKGROUND,"[""duty officer"", ""photos"", ""resident calls"", ""sensor messages"", ""field deployment""]",NON_OPERATIVE,CONTEXT,RELEVANT,assistant_generated_external_blind_gold; review labels if validator expects different enum names,RELEVANT,RELEVANT
TB_DOC_07_riverwatch_flood_notes,RiverWatch Flood Notes,TB039,TB_DOC_07_riverwatch_flood_notes,RiverWatch Flood Notes,3,How should flood-risk field notes be routed for operational decisions?,"Classify each note by location, hazard type, confidence, immediate action, and whether another agency must be notified.","Classify each note by location, hazard type, confidence, immediate action, and whether another agency must be notified.",METHOD,"[""location"", ""hazard type"", ""confidence"", ""immediate action"", ""agency notification""]",OPERATIVE,SUPPORTS,RELEVANT,METHOD,"[""location"", ""hazard type"", ""confidence"", ""immediate action"", ""agency notification""]",OPERATIVE,SUPPORTS,RELEVANT,assistant_generated_external_blind_gold; review labels if validator expects different enum names,RELEVANT,RELEVANT
TB_DOC_07_riverwatch_flood_notes,RiverWatch Flood Notes,TB040,TB_DOC_07_riverwatch_flood_notes,RiverWatch Flood Notes,4,How should flood-risk field notes be routed for operational decisions?,"If the note reports standing water inside a known test basin after a scheduled drill, suppress the public-road closure route.","If the note reports standing water inside a known test basin after a scheduled drill, suppress the public-road closure route.",EXCEPT,"[""standing water"", ""test basin"", ""scheduled drill"", ""public-road closure route""]",OPERATIVE,EXCEPTS,RELEVANT,EXCEPT,"[""standing water"", ""test basin"", ""scheduled drill"", ""public-road closure route""]",OPERATIVE,EXCEPTS,RELEVANT,assistant_generated_external_blind_gold; review labels if validator expects different enum names,RELEVANT,RELEVANT
TB_DOC_07_riverwatch_flood_notes,RiverWatch Flood Notes,TB041,TB_DOC_07_riverwatch_flood_notes,RiverWatch Flood Notes,5,How should flood-risk field notes be routed for operational decisions?,"The trial found that blocked culvert reports were routed well, but bridge-depth notes needed a separate severity rule.","The trial found that blocked culvert reports were routed well, but bridge-depth notes needed a separate severity rule.",RESULT,"[""trial"", ""blocked culvert reports"", ""bridge-depth notes"", ""severity rule""]",NON_OPERATIVE,RESULT_OF,RELEVANT,RESULT,"[""trial"", ""blocked culvert reports"", ""bridge-depth notes"", ""severity rule""]",NON_OPERATIVE,RESULT_OF,RELEVANT,assistant_generated_external_blind_gold; review labels if validator expects different enum names,RELEVANT,RELEVANT
TB_DOC_07_riverwatch_flood_notes,RiverWatch Flood Notes,TB042,TB_DOC_07_riverwatch_flood_notes,RiverWatch Flood Notes,6,How should flood-risk field notes be routed for operational decisions?,Add a blind review set from the next storm event and score false alarms separately from missed deployments.,Add a blind review set from the next storm event and score false alarms separately from missed deployments.,NEXT_STEP,"[""blind review set"", ""storm event"", ""false alarms"", ""missed deployments""]",OPERATIVE,NEXT_STEP,RELEVANT,NEXT_STEP,"[""blind review set"", ""storm event"", ""false alarms"", ""missed deployments""]",OPERATIVE,NEXT_STEP,RELEVANT,assistant_generated_external_blind_gold; review labels if validator expects different enum names,RELEVANT,RELEVANT
TB_DOC_08_lawbrief_disclosure_tracker,LawBrief Disclosure Tracker,TB043,TB_DOC_08_lawbrief_disclosure_tracker,LawBrief Disclosure Tracker,1,How should legal disclosure notes be routed without overclaiming?,"LawBrief Disclosure Tracker maps litigation notes into evidence request, privilege issue, disclosure deadline, client instruction, or counsel review.","LawBrief Disclosure Tracker maps litigation notes into evidence request, privilege issue, disclosure deadline, client instruction, or counsel review.",DEFINE,"[""LawBrief Disclosure Tracker"", ""litigation notes"", ""evidence request"", ""privilege issue"", ""disclosure deadline"", ""client instruction"", ""counsel review""]",OPERATIVE,SUPPORTS,RELEVANT,DEFINE,"[""LawBrief Disclosure Tracker"", ""litigation notes"", ""evidence request"", ""privilege issue"", ""disclosure deadline"", ""client instruction"", ""counsel review""]",OPERATIVE,SUPPORTS,RELEVANT,assistant_generated_external_blind_gold; review labels if validator expects different enum names,RELEVANT,RELEVANT
TB_DOC_08_lawbrief_disclosure_tracker,LawBrief Disclosure Tracker,TB044,TB_DOC_08_lawbrief_disclosure_tracker,LawBrief Disclosure Tracker,2,How should legal disclosure notes be routed without overclaiming?,"Case handlers sometimes mix factual evidence, legal advice, and deadline reminders in the same update.","Case handlers sometimes mix factual evidence, legal advice, and deadline reminders in the same update.",BACKGROUND,"[""case handlers"", ""factual evidence"", ""legal advice"", ""deadline reminders""]",NON_OPERATIVE,CONTEXT,RELEVANT,BACKGROUND,"[""case handlers"", ""factual evidence"", ""legal advice"", ""deadline reminders""]",NON_OPERATIVE,CONTEXT,RELEVANT,assistant_generated_external_blind_gold; review labels if validator expects different enum names,RELEVANT,RELEVANT
TB_DOC_08_lawbrief_disclosure_tracker,LawBrief Disclosure Tracker,TB045,TB_DOC_08_lawbrief_disclosure_tracker,LawBrief Disclosure Tracker,3,How should legal disclosure notes be routed without overclaiming?,"The extractor should separate document type, legal sensitivity, deadline, responsible person, and whether the note changes the case route.","The extractor should separate document type, legal sensitivity, deadline, responsible person, and whether the note changes the case route.",METHOD,"[""extractor"", ""document type"", ""legal sensitivity"", ""deadline"", ""responsible person"", ""case route""]",OPERATIVE,SUPPORTS,RELEVANT,METHOD,"[""extractor"", ""document type"", ""legal sensitivity"", ""deadline"", ""responsible person"", ""case route""]",OPERATIVE,SUPPORTS,RELEVANT,assistant_generated_external_blind_gold; review labels if validator expects different enum names,RELEVANT,RELEVANT
TB_DOC_08_lawbrief_disclosure_tracker,LawBrief Disclosure Tracker,TB046,TB_DOC_08_lawbrief_disclosure_tracker,LawBrief Disclosure Tracker,4,How should legal disclosure notes be routed without overclaiming?,The system must not decide privilege or waive confidentiality; it can only flag that a qualified reviewer is needed.,The system must not decide privilege or waive confidentiality; it can only flag that a qualified reviewer is needed.,LIMITATION,"[""privilege"", ""confidentiality"", ""qualified reviewer""]",OPERATIVE,CONSTRAINS,RELEVANT,LIMITATION,"[""privilege"", ""confidentiality"", ""qualified reviewer""]",OPERATIVE,CONSTRAINS,RELEVANT,assistant_generated_external_blind_gold; review labels if validator expects different enum names,RELEVANT,RELEVANT
TB_DOC_08_lawbrief_disclosure_tracker,LawBrief Disclosure Tracker,TB047,TB_DOC_08_lawbrief_disclosure_tracker,LawBrief Disclosure Tracker,5,How should legal disclosure notes be routed without overclaiming?,"A note saying the client found a contract draft on an old laptop should route to evidence collection, not automatically to privilege review.","A note saying the client found a contract draft on an old laptop should route to evidence collection, not automatically to privilege review.",EXAMPLE,"[""client"", ""contract draft"", ""old laptop"", ""evidence collection"", ""privilege review""]",NON_OPERATIVE,EXEMPLIFIES,RELEVANT,EXAMPLE,"[""client"", ""contract draft"", ""old laptop"", ""evidence collection"", ""privilege review""]",NON_OPERATIVE,EXEMPLIFIES,RELEVANT,assistant_generated_external_blind_gold; review labels if validator expects different enum names,RELEVANT,RELEVANT
TB_DOC_08_lawbrief_disclosure_tracker,LawBrief Disclosure Tracker,TB048,TB_DOC_08_lawbrief_disclosure_tracker,LawBrief Disclosure Tracker,6,How should legal disclosure notes be routed without overclaiming?,"Build the blind corpus from new neutral case summaries, not from prior gold examples or training snippets.","Build the blind corpus from new neutral case summaries, not from prior gold examples or training snippets.",NEXT_STEP,"[""blind corpus"", ""case summaries"", ""gold examples"", ""training snippets""]",OPERATIVE,NEXT_STEP,RELEVANT,NEXT_STEP,"[""blind corpus"", ""case summaries"", ""gold examples"", ""training snippets""]",OPERATIVE,NEXT_STEP,RELEVANT,assistant_generated_external_blind_gold; review labels if validator expects different enum names,RELEVANT,RELEVANT
TB_DOC_09_roboinspect_factory_checks,RoboInspect Factory Checks,TB049,TB_DOC_09_roboinspect_factory_checks,RoboInspect Factory Checks,1,How should factory inspection notes be routed into maintenance decisions?,"RoboInspect routes factory inspection notes into defect type, machine owner, safety class, downtime risk, and repair priority.","RoboInspect routes factory inspection notes into defect type, machine owner, safety class, downtime risk, and repair priority.",DEFINE,"[""RoboInspect"", ""factory inspection notes"", ""defect type"", ""machine owner"", ""safety class"", ""downtime risk"", ""repair priority""]",OPERATIVE,SUPPORTS,RELEVANT,DEFINE,"[""RoboInspect"", ""factory inspection notes"", ""defect type"", ""machine owner"", ""safety class"", ""downtime risk"", ""repair priority""]",OPERATIVE,SUPPORTS,RELEVANT,assistant_generated_external_blind_gold; review labels if validator expects different enum names,RELEVANT,RELEVANT
TB_DOC_09_roboinspect_factory_checks,RoboInspect Factory Checks,TB050,TB_DOC_09_roboinspect_factory_checks,RoboInspect Factory Checks,2,How should factory inspection notes be routed into maintenance decisions?,"Operators write short notes during shift change, and the same phrase can mean a cosmetic defect or a safety-critical fault depending on the line.","Operators write short notes during shift change, and the same phrase can mean a cosmetic defect or a safety-critical fault depending on the line.",BACKGROUND,"[""operators"", ""shift change"", ""cosmetic defect"", ""safety-critical fault"", ""line""]",NON_OPERATIVE,CONTEXT,RELEVANT,BACKGROUND,"[""operators"", ""shift change"", ""cosmetic defect"", ""safety-critical fault"", ""line""]",NON_OPERATIVE,CONTEXT,RELEVANT,assistant_generated_external_blind_gold; review labels if validator expects different enum names,RELEVANT,RELEVANT
TB_DOC_09_roboinspect_factory_checks,RoboInspect Factory Checks,TB051,TB_DOC_09_roboinspect_factory_checks,RoboInspect Factory Checks,3,How should factory inspection notes be routed into maintenance decisions?,"Each note should be paired with machine ID, station, observed symptom, recurrence, and whether production must stop.","Each note should be paired with machine ID, station, observed symptom, recurrence, and whether production must stop.",METHOD,"[""machine ID"", ""station"", ""observed symptom"", ""recurrence"", ""production stop""]",OPERATIVE,SUPPORTS,RELEVANT,METHOD,"[""machine ID"", ""station"", ""observed symptom"", ""recurrence"", ""production stop""]",OPERATIVE,SUPPORTS,RELEVANT,assistant_generated_external_blind_gold; review labels if validator expects different enum names,RELEVANT,RELEVANT
TB_DOC_09_roboinspect_factory_checks,RoboInspect Factory Checks,TB052,TB_DOC_09_roboinspect_factory_checks,RoboInspect Factory Checks,4,How should factory inspection notes be routed into maintenance decisions?,Add a calibration rule that treats repeated minor vibration notes as escalating risk after the third occurrence in seven days.,Add a calibration rule that treats repeated minor vibration notes as escalating risk after the third occurrence in seven days.,MODIFY,"[""calibration rule"", ""minor vibration notes"", ""escalating risk"", ""third occurrence"", ""seven days""]",OPERATIVE,MODIFIES,RELEVANT,MODIFY,"[""calibration rule"", ""minor vibration notes"", ""escalating risk"", ""third occurrence"", ""seven days""]",OPERATIVE,MODIFIES,RELEVANT,assistant_generated_external_blind_gold; review labels if validator expects different enum names,RELEVANT,RELEVANT
TB_DOC_09_roboinspect_factory_checks,RoboInspect Factory Checks,TB053,TB_DOC_09_roboinspect_factory_checks,RoboInspect Factory Checks,5,How should factory inspection notes be routed into maintenance decisions?,The previous review showed that the route classifier overused the downtime label when the note mentioned a spare part.,The previous review showed that the route classifier overused the downtime label when the note mentioned a spare part.,RESULT,"[""review"", ""route classifier"", ""downtime label"", ""spare part""]",NON_OPERATIVE,RESULT_OF,RELEVANT,RESULT,"[""review"", ""route classifier"", ""downtime label"", ""spare part""]",NON_OPERATIVE,RESULT_OF,RELEVANT,assistant_generated_external_blind_gold; review labels if validator expects different enum names,RELEVANT,RELEVANT
TB_DOC_09_roboinspect_factory_checks,RoboInspect Factory Checks,TB054,TB_DOC_09_roboinspect_factory_checks,RoboInspect Factory Checks,6,How should factory inspection notes be routed into maintenance decisions?,Do not escalate a fault if the note explicitly says the machine is isolated for planned maintenance.,Do not escalate a fault if the note explicitly says the machine is isolated for planned maintenance.,EXCEPT,"[""fault"", ""machine"", ""planned maintenance""]",OPERATIVE,EXCEPTS,RELEVANT,EXCEPT,"[""fault"", ""machine"", ""planned maintenance""]",OPERATIVE,EXCEPTS,RELEVANT,assistant_generated_external_blind_gold; review labels if validator expects different enum names,RELEVANT,RELEVANT
TB_DOC_10_greenledger_supplier_risk,GreenLedger Supplier Risk,TB055,TB_DOC_10_greenledger_supplier_risk,GreenLedger Supplier Risk,1,How should supplier sustainability notes be routed for audit and action?,"GreenLedger maps supplier notes into carbon evidence, labour-risk concern, certification status, data gap, or remediation action.","GreenLedger maps supplier notes into carbon evidence, labour-risk concern, certification status, data gap, or remediation action.",DEFINE,"[""GreenLedger"", ""supplier notes"", ""carbon evidence"", ""labour-risk concern"", ""certification status"", ""data gap"", ""remediation action""]",OPERATIVE,SUPPORTS,RELEVANT,DEFINE,"[""GreenLedger"", ""supplier notes"", ""carbon evidence"", ""labour-risk concern"", ""certification status"", ""data gap"", ""remediation action""]",OPERATIVE,SUPPORTS,RELEVANT,assistant_generated_external_blind_gold; review labels if validator expects different enum names,RELEVANT,RELEVANT
TB_DOC_10_greenledger_supplier_risk,GreenLedger Supplier Risk,TB056,TB_DOC_10_greenledger_supplier_risk,GreenLedger Supplier Risk,2,How should supplier sustainability notes be routed for audit and action?,Procurement teams often record a supplier's claim without noting whether the claim has been verified by a document.,Procurement teams often record a supplier's claim without noting whether the claim has been verified by a document.,BACKGROUND,"[""procurement teams"", ""supplier claim"", ""verified document""]",NON_OPERATIVE,CONTEXT,RELEVANT,BACKGROUND,"[""procurement teams"", ""supplier claim"", ""verified document""]",NON_OPERATIVE,CONTEXT,RELEVANT,assistant_generated_external_blind_gold; review labels if validator expects different enum names,RELEVANT,RELEVANT
TB_DOC_10_greenledger_supplier_risk,GreenLedger Supplier Risk,TB057,TB_DOC_10_greenledger_supplier_risk,GreenLedger Supplier Risk,3,How should supplier sustainability notes be routed for audit and action?,"Extract the claim, evidence source, verification level, due date, and whether the route requires audit, supplier follow-up, or internal approval.","Extract the claim, evidence source, verification level, due date, and whether the route requires audit, supplier follow-up, or internal approval.",METHOD,"[""claim"", ""evidence source"", ""verification level"", ""due date"", ""audit"", ""supplier follow-up"", ""internal approval""]",OPERATIVE,SUPPORTS,RELEVANT,METHOD,"[""claim"", ""evidence source"", ""verification level"", ""due date"", ""audit"", ""supplier follow-up"", ""internal approval""]",OPERATIVE,SUPPORTS,RELEVANT,assistant_generated_external_blind_gold; review labels if validator expects different enum names,RELEVANT,RELEVANT
TB_DOC_10_greenledger_supplier_risk,GreenLedger Supplier Risk,TB058,TB_DOC_10_greenledger_supplier_risk,GreenLedger Supplier Risk,4,How should supplier sustainability notes be routed for audit and action?,Do not treat a marketing brochure as certification unless a named standard and certificate number are present.,Do not treat a marketing brochure as certification unless a named standard and certificate number are present.,LIMITATION,"[""marketing brochure"", ""certification"", ""standard"", ""certificate number""]",OPERATIVE,CONSTRAINS,RELEVANT,LIMITATION,"[""marketing brochure"", ""certification"", ""standard"", ""certificate number""]",OPERATIVE,CONSTRAINS,RELEVANT,assistant_generated_external_blind_gold; review labels if validator expects different enum names,RELEVANT,RELEVANT
TB_DOC_10_greenledger_supplier_risk,GreenLedger Supplier Risk,TB059,TB_DOC_10_greenledger_supplier_risk,GreenLedger Supplier Risk,5,How should supplier sustainability notes be routed for audit and action?,The first pass improved data-gap detection but missed cases where the supplier gave a certificate that had expired.,The first pass improved data-gap detection but missed cases where the supplier gave a certificate that had expired.,RESULT,"[""first pass"", ""data-gap detection"", ""supplier"", ""expired certificate""]",NON_OPERATIVE,RESULT_OF,RELEVANT,RESULT,"[""first pass"", ""data-gap detection"", ""supplier"", ""expired certificate""]",NON_OPERATIVE,RESULT_OF,RELEVANT,assistant_generated_external_blind_gold; review labels if validator expects different enum names,RELEVANT,RELEVANT
TB_DOC_10_greenledger_supplier_risk,GreenLedger Supplier Risk,TB060,TB_DOC_10_greenledger_supplier_risk,GreenLedger Supplier Risk,6,How should supplier sustainability notes be routed for audit and action?,Create a fresh blind batch from suppliers outside the original pilot sectors before changing the production scoring threshold.,Create a fresh blind batch from suppliers outside the original pilot sectors before changing the production scoring threshold.,NEXT_STEP,"[""fresh blind batch"", ""suppliers"", ""pilot sectors"", ""production scoring threshold""]",OPERATIVE,NEXT_STEP,RELEVANT,NEXT_STEP,"[""fresh blind batch"", ""suppliers"", ""pilot sectors"", ""production scoring threshold""]",OPERATIVE,NEXT_STEP,RELEVANT,assistant_generated_external_blind_gold; review labels if validator expects different enum names,RELEVANT,RELEVANT
TB_DOC_11_eventmesh_incident_queue,EventMesh Incident Queue,TB061,TB_DOC_11_eventmesh_incident_queue,EventMesh Incident Queue,1,How should live-event incident notes be routed during operations?,"EventMesh routes live-event incident notes into crowd flow, medical support, access control, technical fault, or steward deployment.","EventMesh routes live-event incident notes into crowd flow, medical support, access control, technical fault, or steward deployment.",DEFINE,"[""EventMesh"", ""live-event incident notes"", ""crowd flow"", ""medical support"", ""access control"", ""technical fault"", ""steward deployment""]",OPERATIVE,SUPPORTS,RELEVANT,DEFINE,"[""EventMesh"", ""live-event incident notes"", ""crowd flow"", ""medical support"", ""access control"", ""technical fault"", ""steward deployment""]",OPERATIVE,SUPPORTS,RELEVANT,assistant_generated_external_blind_gold; review labels if validator expects different enum names,RELEVANT,RELEVANT
TB_DOC_11_eventmesh_incident_queue,EventMesh Incident Queue,TB062,TB_DOC_11_eventmesh_incident_queue,EventMesh Incident Queue,2,How should live-event incident notes be routed during operations?,"During a busy event, radio messages are brief and often omit whether the issue is already handled or still needs action.","During a busy event, radio messages are brief and often omit whether the issue is already handled or still needs action.",BACKGROUND,"[""busy event"", ""radio messages"", ""issue"", ""action""]",NON_OPERATIVE,CONTEXT,RELEVANT,BACKGROUND,"[""busy event"", ""radio messages"", ""issue"", ""action""]",NON_OPERATIVE,CONTEXT,RELEVANT,assistant_generated_external_blind_gold; review labels if validator expects different enum names,RELEVANT,RELEVANT
TB_DOC_11_eventmesh_incident_queue,EventMesh Incident Queue,TB063,TB_DOC_11_eventmesh_incident_queue,EventMesh Incident Queue,3,How should live-event incident notes be routed during operations?,"The route should extract zone, incident type, urgency, current owner, and whether the note closes or opens an incident.","The route should extract zone, incident type, urgency, current owner, and whether the note closes or opens an incident.",METHOD,"[""zone"", ""incident type"", ""urgency"", ""current owner"", ""incident""]",OPERATIVE,SUPPORTS,RELEVANT,METHOD,"[""zone"", ""incident type"", ""urgency"", ""current owner"", ""incident""]",OPERATIVE,SUPPORTS,RELEVANT,assistant_generated_external_blind_gold; review labels if validator expects different enum names,RELEVANT,RELEVANT
TB_DOC_11_eventmesh_incident_queue,EventMesh Incident Queue,TB064,TB_DOC_11_eventmesh_incident_queue,EventMesh Incident Queue,4,How should live-event incident notes be routed during operations?,A note saying Gate C scanner offline with queue building should route to both technical fault and crowd-flow monitoring.,A note saying Gate C scanner offline with queue building should route to both technical fault and crowd-flow monitoring.,EXAMPLE,"[""Gate C"", ""scanner"", ""queue"", ""technical fault"", ""crowd-flow monitoring""]",NON_OPERATIVE,EXEMPLIFIES,RELEVANT,EXAMPLE,"[""Gate C"", ""scanner"", ""queue"", ""technical fault"", ""crowd-flow monitoring""]",NON_OPERATIVE,EXEMPLIFIES,RELEVANT,assistant_generated_external_blind_gold; review labels if validator expects different enum names,RELEVANT,RELEVANT
TB_DOC_11_eventmesh_incident_queue,EventMesh Incident Queue,TB065,TB_DOC_11_eventmesh_incident_queue,EventMesh Incident Queue,5,How should live-event incident notes be routed during operations?,The system must not down-rank a medical note because the text is short; medical keywords should preserve priority until reviewed.,The system must not down-rank a medical note because the text is short; medical keywords should preserve priority until reviewed.,LIMITATION,"[""medical note"", ""medical keywords"", ""priority"", ""review""]",OPERATIVE,CONSTRAINS,RELEVANT,LIMITATION,"[""medical note"", ""medical keywords"", ""priority"", ""review""]",OPERATIVE,CONSTRAINS,RELEVANT,assistant_generated_external_blind_gold; review labels if validator expects different enum names,RELEVANT,RELEVANT
TB_DOC_11_eventmesh_incident_queue,EventMesh Incident Queue,TB066,TB_DOC_11_eventmesh_incident_queue,EventMesh Incident Queue,6,How should live-event incident notes be routed during operations?,Test the model on a blind set from a different venue so venue-specific language does not inflate scores.,Test the model on a blind set from a different venue so venue-specific language does not inflate scores.,NEXT_STEP,"[""model"", ""blind set"", ""venue"", ""venue-specific language"", ""scores""]",OPERATIVE,NEXT_STEP,RELEVANT,NEXT_STEP,"[""model"", ""blind set"", ""venue"", ""venue-specific language"", ""scores""]",OPERATIVE,NEXT_STEP,RELEVANT,assistant_generated_external_blind_gold; review labels if validator expects different enum names,RELEVANT,RELEVANT
TB_DOC_12_heritagevault_catalogue_routes,HeritageVault Catalogue Routes,TB067,TB_DOC_12_heritagevault_catalogue_routes,HeritageVault Catalogue Routes,1,How should museum catalogue notes be routed into preservation and research workflows?,"HeritageVault routes museum catalogue notes into provenance gap, conservation risk, digitisation need, loan restriction, or research lead.","HeritageVault routes museum catalogue notes into provenance gap, conservation risk, digitisation need, loan restriction, or research lead.",DEFINE,"[""HeritageVault"", ""museum catalogue notes"", ""provenance gap"", ""conservation risk"", ""digitisation need"", ""loan restriction"", ""research lead""]",OPERATIVE,SUPPORTS,RELEVANT,DEFINE,"[""HeritageVault"", ""museum catalogue notes"", ""provenance gap"", ""conservation risk"", ""digitisation need"", ""loan restriction"", ""research lead""]",OPERATIVE,SUPPORTS,RELEVANT,assistant_generated_external_blind_gold; review labels if validator expects different enum names,RELEVANT,RELEVANT
TB_DOC_12_heritagevault_catalogue_routes,HeritageVault Catalogue Routes,TB068,TB_DOC_12_heritagevault_catalogue_routes,HeritageVault Catalogue Routes,2,How should museum catalogue notes be routed into preservation and research workflows?,"Curators use descriptive language that may contain a condition concern, a historical claim, and a display recommendation in one note.","Curators use descriptive language that may contain a condition concern, a historical claim, and a display recommendation in one note.",BACKGROUND,"[""curators"", ""condition concern"", ""historical claim"", ""display recommendation""]",NON_OPERATIVE,CONTEXT,RELEVANT,BACKGROUND,"[""curators"", ""condition concern"", ""historical claim"", ""display recommendation""]",NON_OPERATIVE,CONTEXT,RELEVANT,assistant_generated_external_blind_gold; review labels if validator expects different enum names,RELEVANT,RELEVANT
TB_DOC_12_heritagevault_catalogue_routes,HeritageVault Catalogue Routes,TB069,TB_DOC_12_heritagevault_catalogue_routes,HeritageVault Catalogue Routes,3,How should museum catalogue notes be routed into preservation and research workflows?,"For each note, extract object identifier, material, risk phrase, evidence phrase, workflow route, and whether specialist review is required.","For each note, extract object identifier, material, risk phrase, evidence phrase, workflow route, and whether specialist review is required.",METHOD,"[""object identifier"", ""material"", ""risk phrase"", ""evidence phrase"", ""workflow route"", ""specialist review""]",OPERATIVE,SUPPORTS,RELEVANT,METHOD,"[""object identifier"", ""material"", ""risk phrase"", ""evidence phrase"", ""workflow route"", ""specialist review""]",OPERATIVE,SUPPORTS,RELEVANT,assistant_generated_external_blind_gold; review labels if validator expects different enum names,RELEVANT,RELEVANT
TB_DOC_12_heritagevault_catalogue_routes,HeritageVault Catalogue Routes,TB070,TB_DOC_12_heritagevault_catalogue_routes,HeritageVault Catalogue Routes,4,How should museum catalogue notes be routed into preservation and research workflows?,"If a note only says the item resembles another piece, do not route it as confirmed provenance evidence.","If a note only says the item resembles another piece, do not route it as confirmed provenance evidence.",EXCEPT,"[""item"", ""another piece"", ""provenance evidence""]",OPERATIVE,EXCEPTS,RELEVANT,EXCEPT,"[""item"", ""another piece"", ""provenance evidence""]",OPERATIVE,EXCEPTS,RELEVANT,assistant_generated_external_blind_gold; review labels if validator expects different enum names,RELEVANT,RELEVANT
TB_DOC_12_heritagevault_catalogue_routes,HeritageVault Catalogue Routes,TB071,TB_DOC_12_heritagevault_catalogue_routes,HeritageVault Catalogue Routes,5,How should museum catalogue notes be routed into preservation and research workflows?,A trial on new catalogue descriptions found strong detection of digitisation needs but weak separation between research lead and provenance gap.,A trial on new catalogue descriptions found strong detection of digitisation needs but weak separation between research lead and provenance gap.,RESULT,"[""trial"", ""catalogue descriptions"", ""digitisation needs"", ""research lead"", ""provenance gap""]",NON_OPERATIVE,RESULT_OF,RELEVANT,RESULT,"[""trial"", ""catalogue descriptions"", ""digitisation needs"", ""research lead"", ""provenance gap""]",NON_OPERATIVE,RESULT_OF,RELEVANT,assistant_generated_external_blind_gold; review labels if validator expects different enum names,RELEVANT,RELEVANT
TB_DOC_12_heritagevault_catalogue_routes,HeritageVault Catalogue Routes,TB072,TB_DOC_12_heritagevault_catalogue_routes,HeritageVault Catalogue Routes,6,How should museum catalogue notes be routed into preservation and research workflows?,Run the next evaluation on newly written catalogue notes and freeze predictions before the curator fills the gold labels.,Run the next evaluation on newly written catalogue notes and freeze predictions before the curator fills the gold labels.,NEXT_STEP,"[""evaluation"", ""catalogue notes"", ""predictions"", ""curator"", ""gold labels""]",OPERATIVE,NEXT_STEP,RELEVANT,NEXT_STEP,"[""evaluation"", ""catalogue notes"", ""predictions"", ""curator"", ""gold labels""]",OPERATIVE,NEXT_STEP,RELEVANT,assistant_generated_external_blind_gold; review labels if validator expects different enum names,RELEVANT,RELEVANT
