segment_id,source_doc,text,gold_entities_raw,gold_entities_parsed,gold_entities_current_evaluator_parse,gold_parse_format,combined_entities_raw,combined_entities_parsed,D_entities_raw,D_entities_parsed,R6_entities_raw,R6_entities_parsed,current_combined_entity_jaccard,current_D_entity_jaccard,current_R6_entity_jaccard,combined_lowercase_trim_jaccard,D_lowercase_trim_jaccard,R6_lowercase_trim_jaccard,combined_punctuation_stripped_jaccard,D_punctuation_stripped_jaccard,R6_punctuation_stripped_jaccard,combined_alias_candidate_jaccard,D_alias_candidate_jaccard,R6_alias_candidate_jaccard,gold_only_entities,predicted_only_entities,mismatch_bucket
TB001,TB_DOC_01_civicaid_permit_triage,"CivicAid Permit Triage is a routing layer for council service requests, separating planning questions, permit evidence, payment status, and escalation cases before a human officer reviews the file.","[""CivicAid Permit Triage"", ""council service requests"", ""planning questions"", ""permit evidence"", ""payment status"", ""human officer""]",CivicAid Permit Triage; council service requests; human officer; payment status; permit evidence; planning questions,"[""CivicAid Permit Triage"", ""council service requests"", ""planning questions"", ""permit evidence"", ""payment status"", ""human officer""]",json_list,incident response,incident response,incident response,incident response,incident response,incident response,0.000000,0.000000,0.000000,0.000000,0.000000,0.000000,0.000000,0.000000,0.000000,0.000000,0.000000,0.000000,CivicAid Permit Triage; council service requests; human officer; payment status; permit evidence; planning questions,incident response,delimiter_format_mismatch
TB002,TB_DOC_01_civicaid_permit_triage,"The starting problem is that residents often submit one long message containing a complaint, a permit query, and missing-document evidence in the same paragraph.","[""residents"", ""complaint"", ""permit query"", ""missing-document evidence""]",complaint; missing-document evidence; permit query; residents,"[""residents"", ""complaint"", ""permit query"", ""missing-document evidence""]",json_list,,,,,,,0.000000,0.000000,0.000000,0.000000,0.000000,0.000000,0.000000,0.000000,0.000000,0.000000,0.000000,0.000000,complaint; missing-document evidence; permit query; residents,,empty_prediction_entities
TB003,TB_DOC_01_civicaid_permit_triage,"The first pass should classify each sentence into request type, required evidence, deadline sensitivity, and whether the user is asking for status or a new decision.","[""request type"", ""required evidence"", ""deadline sensitivity"", ""status"", ""new decision""]",deadline sensitivity; new decision; request type; required evidence; status,"[""request type"", ""required evidence"", ""deadline sensitivity"", ""status"", ""new decision""]",json_list,,,,,,,0.000000,0.000000,0.000000,0.000000,0.000000,0.000000,0.000000,0.000000,0.000000,0.000000,0.000000,0.000000,deadline sensitivity; new decision; request type; required evidence; status,,empty_prediction_entities
TB004,TB_DOC_01_civicaid_permit_triage,"The assistant must not issue planning permission, promise approval, or treat a partial screenshot as sufficient legal evidence.","[""assistant"", ""planning permission"", ""approval"", ""partial screenshot"", ""legal evidence""]",approval; assistant; legal evidence; partial screenshot; planning permission,"[""assistant"", ""planning permission"", ""approval"", ""partial screenshot"", ""legal evidence""]",json_list,permission boundary,permission boundary,permission boundary,permission boundary,permission boundary,permission boundary,0.000000,0.000000,0.000000,0.000000,0.000000,0.000000,0.000000,0.000000,0.000000,0.000000,0.000000,0.000000,approval; assistant; legal evidence; partial screenshot; planning permission,permission boundary,delimiter_format_mismatch
TB005,TB_DOC_01_civicaid_permit_triage,A pilot review of fifty archived requests found that most routing errors came from missing attachments rather than from misreading the resident's intent.,"[""pilot review"", ""archived requests"", ""routing errors"", ""missing attachments"", ""resident intent""]",archived requests; missing attachments; pilot review; resident intent; routing errors,"[""pilot review"", ""archived requests"", ""routing errors"", ""missing attachments"", ""resident intent""]",json_list,,,,,,,0.000000,0.000000,0.000000,0.000000,0.000000,0.000000,0.000000,0.000000,0.000000,0.000000,0.000000,0.000000,archived requests; missing attachments; pilot review; resident intent; routing errors,,empty_prediction_entities
TB006,TB_DOC_01_civicaid_permit_triage,"Next, build a blind annotation batch from unseen council-style messages and compare the route classifier against the current manual triage spreadsheet.","[""blind annotation batch"", ""council-style messages"", ""route classifier"", ""manual triage spreadsheet""]",blind annotation batch; council-style messages; manual triage spreadsheet; route classifier,"[""blind annotation batch"", ""council-style messages"", ""route classifier"", ""manual triage spreadsheet""]",json_list,,,,,,,0.000000,0.000000,0.000000,0.000000,0.000000,0.000000,0.000000,0.000000,0.000000,0.000000,0.000000,0.000000,blind annotation batch; council-style messages; manual triage spreadsheet; route classifier,,empty_prediction_entities
TB007,TB_DOC_02_harborflow_container_exceptions,"HarborFlow is a logistics exception tracker for containers that are delayed, inspected, damaged, or missing gate-out confirmation.","[""HarborFlow"", ""logistics exception tracker"", ""containers"", ""gate-out confirmation""]",containers; gate-out confirmation; HarborFlow; logistics exception tracker,"[""HarborFlow"", ""logistics exception tracker"", ""containers"", ""gate-out confirmation""]",json_list,,,,,,,0.000000,0.000000,0.000000,0.000000,0.000000,0.000000,0.000000,0.000000,0.000000,0.000000,0.000000,0.000000,containers; gate-out confirmation; HarborFlow; logistics exception tracker,,empty_prediction_entities
TB008,TB_DOC_02_harborflow_container_exceptions,"The port team currently handles exceptions through email chains, which makes it difficult to distinguish a customs hold from a carrier delay.","[""port team"", ""email chains"", ""customs hold"", ""carrier delay""]",carrier delay; customs hold; email chains; port team,"[""port team"", ""email chains"", ""customs hold"", ""carrier delay""]",json_list,,,,,,,0.000000,0.000000,0.000000,0.000000,0.000000,0.000000,0.000000,0.000000,0.000000,0.000000,0.000000,0.000000,carrier delay; customs hold; email chains; port team,,empty_prediction_entities
TB009,TB_DOC_02_harborflow_container_exceptions,"Each exception should be routed by cause, accountable party, last verified timestamp, and financial exposure before the operations lead sees it.","[""exception"", ""cause"", ""accountable party"", ""last verified timestamp"", ""financial exposure"", ""operations lead""]",accountable party; cause; exception; financial exposure; last verified timestamp; operations lead,"[""exception"", ""cause"", ""accountable party"", ""last verified timestamp"", ""financial exposure"", ""operations lead""]",json_list,,,,,,,0.000000,0.000000,0.000000,0.000000,0.000000,0.000000,0.000000,0.000000,0.000000,0.000000,0.000000,0.000000,accountable party; cause; exception; financial exposure; last verified timestamp; operations lead,,empty_prediction_entities
TB010,TB_DOC_02_harborflow_container_exceptions,"For example, a refrigerated container with a temperature alarm and a missing inspection seal should route to both cold-chain risk and compliance review.","[""refrigerated container"", ""temperature alarm"", ""inspection seal"", ""cold-chain risk"", ""compliance review""]",cold-chain risk; compliance review; inspection seal; refrigerated container; temperature alarm,"[""refrigerated container"", ""temperature alarm"", ""inspection seal"", ""cold-chain risk"", ""compliance review""]",json_list,,,,,,,0.000000,0.000000,0.000000,0.000000,0.000000,0.000000,0.000000,0.000000,0.000000,0.000000,0.000000,0.000000,cold-chain risk; compliance review; inspection seal; refrigerated container; temperature alarm,,empty_prediction_entities
TB011,TB_DOC_02_harborflow_container_exceptions,The system should not infer cargo value from commodity notes unless the value is present in a verified shipment record.,"[""cargo value"", ""commodity notes"", ""verified shipment record""]",cargo value; commodity notes; verified shipment record,"[""cargo value"", ""commodity notes"", ""verified shipment record""]",json_list,,,,,,,0.000000,0.000000,0.000000,0.000000,0.000000,0.000000,0.000000,0.000000,0.000000,0.000000,0.000000,0.000000,cargo value; commodity notes; verified shipment record,,empty_prediction_entities
TB012,TB_DOC_02_harborflow_container_exceptions,Add a rule that flags any exception whose dwell time passes forty-eight hours without a confirmed owner.,"[""exception"", ""dwell time"", ""forty-eight hours"", ""confirmed owner""]",confirmed owner; dwell time; exception; forty-eight hours,"[""exception"", ""dwell time"", ""forty-eight hours"", ""confirmed owner""]",json_list,,,,,,,0.000000,0.000000,0.000000,0.000000,0.000000,0.000000,0.000000,0.000000,0.000000,0.000000,0.000000,0.000000,confirmed owner; dwell time; exception; forty-eight hours,,empty_prediction_entities
TB013,TB_DOC_03_clinicpulse_backlog,"ClinicPulse is a backlog monitor that groups appointment delays by pathway, urgency, clinician dependency, and patient-contact status.","[""ClinicPulse"", ""backlog monitor"", ""appointment delays"", ""pathway"", ""urgency"", ""clinician dependency"", ""patient-contact status""]",appointment delays; backlog monitor; clinician dependency; ClinicPulse; pathway; patient-contact status; urgency,"[""ClinicPulse"", ""backlog monitor"", ""appointment delays"", ""pathway"", ""urgency"", ""clinician dependency"", ""patient-contact status""]",json_list,,,,,,,0.000000,0.000000,0.000000,0.000000,0.000000,0.000000,0.000000,0.000000,0.000000,0.000000,0.000000,0.000000,appointment delays; backlog monitor; clinician dependency; ClinicPulse; pathway; patient-contact status; urgency,,empty_prediction_entities
TB014,TB_DOC_03_clinicpulse_backlog,The clinic manager needs a clearer difference between patients waiting for clinical review and patients waiting only for administrative booking.,"[""clinic manager"", ""clinical review"", ""administrative booking"", ""patients""]",administrative booking; clinic manager; clinical review; patients,"[""clinic manager"", ""clinical review"", ""administrative booking"", ""patients""]",json_list,,,,,,,0.000000,0.000000,0.000000,0.000000,0.000000,0.000000,0.000000,0.000000,0.000000,0.000000,0.000000,0.000000,administrative booking; clinic manager; clinical review; patients,,empty_prediction_entities
TB015,TB_DOC_03_clinicpulse_backlog,"The route map should extract pathway name, current wait age, blocker type, and the next responsible role from every backlog note.","[""route map"", ""pathway name"", ""current wait age"", ""blocker type"", ""responsible role"", ""backlog note""]",backlog note; blocker type; current wait age; pathway name; responsible role; route map,"[""route map"", ""pathway name"", ""current wait age"", ""blocker type"", ""responsible role"", ""backlog note""]",json_list,,,,,,,0.000000,0.000000,0.000000,0.000000,0.000000,0.000000,0.000000,0.000000,0.000000,0.000000,0.000000,0.000000,backlog note; blocker type; current wait age; pathway name; responsible role; route map,,empty_prediction_entities
TB016,TB_DOC_03_clinicpulse_backlog,"Change the existing urgent flag so that it depends on clinical risk wording, not merely the number of days since referral.","[""urgent flag"", ""clinical risk wording"", ""days since referral""]",clinical risk wording; days since referral; urgent flag,"[""urgent flag"", ""clinical risk wording"", ""days since referral""]",json_list,,,,,,,0.000000,0.000000,0.000000,0.000000,0.000000,0.000000,0.000000,0.000000,0.000000,0.000000,0.000000,0.000000,clinical risk wording; days since referral; urgent flag,,empty_prediction_entities
TB017,TB_DOC_03_clinicpulse_backlog,The first sample showed that administrative blockers were over-counted because two booking teams used different names for the same queue.,"[""administrative blockers"", ""booking teams"", ""queue"", ""sample""]",administrative blockers; booking teams; queue; sample,"[""administrative blockers"", ""booking teams"", ""queue"", ""sample""]",json_list,,,,,,,0.000000,0.000000,0.000000,0.000000,0.000000,0.000000,0.000000,0.000000,0.000000,0.000000,0.000000,0.000000,administrative blockers; booking teams; queue; sample,,empty_prediction_entities
TB018,TB_DOC_03_clinicpulse_backlog,Do not expose patient identifiers in the model prompt; use synthetic IDs and keep the re-identification key outside the evaluation folder.,"[""patient identifiers"", ""model prompt"", ""synthetic IDs"", ""re-identification key"", ""evaluation folder""]",evaluation folder; model prompt; patient identifiers; re-identification key; synthetic IDs,"[""patient identifiers"", ""model prompt"", ""synthetic IDs"", ""re-identification key"", ""evaluation folder""]",json_list,evaluation,evaluation,evaluation,evaluation,evaluation,evaluation,0.000000,0.000000,0.000000,0.000000,0.000000,0.000000,0.000000,0.000000,0.000000,0.200000,0.200000,0.200000,evaluation folder; model prompt; patient identifiers; re-identification key; synthetic IDs,evaluation,singular_plural_or_alias_mismatch
TB019,TB_DOC_04_gridlens_battery_maintenance,"GridLens is a maintenance-routing tool for battery storage sites, focused on inverter faults, thermal alerts, state-of-charge anomalies, and technician dispatch.","[""GridLens"", ""battery storage sites"", ""inverter faults"", ""thermal alerts"", ""state-of-charge anomalies"", ""technician dispatch""]",battery storage sites; GridLens; inverter faults; state-of-charge anomalies; technician dispatch; thermal alerts,"[""GridLens"", ""battery storage sites"", ""inverter faults"", ""thermal alerts"", ""state-of-charge anomalies"", ""technician dispatch""]",json_list,,,,,,,0.000000,0.000000,0.000000,0.000000,0.000000,0.000000,0.000000,0.000000,0.000000,0.000000,0.000000,0.000000,battery storage sites; GridLens; inverter faults; state-of-charge anomalies; technician dispatch; thermal alerts,,empty_prediction_entities
TB020,TB_DOC_04_gridlens_battery_maintenance,"The maintenance team receives telemetry summaries and engineer notes in separate systems, so repeated faults are often missed.","[""maintenance team"", ""telemetry summaries"", ""engineer notes"", ""repeated faults""]",engineer notes; maintenance team; repeated faults; telemetry summaries,"[""maintenance team"", ""telemetry summaries"", ""engineer notes"", ""repeated faults""]",json_list,,,,,,,0.000000,0.000000,0.000000,0.000000,0.000000,0.000000,0.000000,0.000000,0.000000,0.000000,0.000000,0.000000,engineer notes; maintenance team; repeated faults; telemetry summaries,,empty_prediction_entities
TB021,TB_DOC_04_gridlens_battery_maintenance,"Normalize every note into asset, symptom, severity, recurrence count, safety implication, and recommended intervention.","[""asset"", ""symptom"", ""severity"", ""recurrence count"", ""safety implication"", ""recommended intervention""]",asset; recommended intervention; recurrence count; safety implication; severity; symptom,"[""asset"", ""symptom"", ""severity"", ""recurrence count"", ""safety implication"", ""recommended intervention""]",json_list,,,,,,,0.000000,0.000000,0.000000,0.000000,0.000000,0.000000,0.000000,0.000000,0.000000,0.000000,0.000000,0.000000,asset; recommended intervention; recurrence count; safety implication; severity; symptom,,empty_prediction_entities
TB022,TB_DOC_04_gridlens_battery_maintenance,"If the alert is caused by a planned firmware test, route it as scheduled work rather than as an operational incident.","[""alert"", ""planned firmware test"", ""scheduled work"", ""operational incident""]",alert; operational incident; planned firmware test; scheduled work,"[""alert"", ""planned firmware test"", ""scheduled work"", ""operational incident""]",json_list,,,,,,,0.000000,0.000000,0.000000,0.000000,0.000000,0.000000,0.000000,0.000000,0.000000,0.000000,0.000000,0.000000,alert; operational incident; planned firmware test; scheduled work,,empty_prediction_entities
TB023,TB_DOC_04_gridlens_battery_maintenance,"In the dry run, the model correctly grouped inverter trips but confused balancing events with thermal warnings.","[""dry run"", ""model"", ""inverter trips"", ""balancing events"", ""thermal warnings""]",balancing events; dry run; inverter trips; model; thermal warnings,"[""dry run"", ""model"", ""inverter trips"", ""balancing events"", ""thermal warnings""]",json_list,,,,,,,0.000000,0.000000,0.000000,0.000000,0.000000,0.000000,0.000000,0.000000,0.000000,0.000000,0.000000,0.000000,balancing events; dry run; inverter trips; model; thermal warnings,,empty_prediction_entities
TB024,TB_DOC_04_gridlens_battery_maintenance,Create a small blind set from new engineer notes before changing the production alert rules.,"[""blind set"", ""engineer notes"", ""production alert rules""]",blind set; engineer notes; production alert rules,"[""blind set"", ""engineer notes"", ""production alert rules""]",json_list,,,,,,,0.000000,0.000000,0.000000,0.000000,0.000000,0.000000,0.000000,0.000000,0.000000,0.000000,0.000000,0.000000,blind set; engineer notes; production alert rules,,empty_prediction_entities
TB025,TB_DOC_05_tutortrail_learning_routes,"TutorTrail converts free-text tutoring notes into learning routes such as concept gap, practice need, confidence issue, assessment target, and parent follow-up.","[""TutorTrail"", ""tutoring notes"", ""learning routes"", ""concept gap"", ""practice need"", ""confidence issue"", ""assessment target"", ""parent follow-up""]",assessment target; concept gap; confidence issue; learning routes; parent follow-up; practice need; tutoring notes; TutorTrail,"[""TutorTrail"", ""tutoring notes"", ""learning routes"", ""concept gap"", ""practice need"", ""confidence issue"", ""assessment target"", ""parent follow-up""]",json_list,,,,,,,0.000000,0.000000,0.000000,0.000000,0.000000,0.000000,0.000000,0.000000,0.000000,0.000000,0.000000,0.000000,assessment target; concept gap; confidence issue; learning routes; parent follow-up; practice need; tutoring notes; TutorTrail,,empty_prediction_entities
TB026,TB_DOC_05_tutortrail_learning_routes,"Tutors often describe ability, behaviour, and homework completion together, which makes the next lesson plan hard to automate.","[""tutors"", ""ability"", ""behaviour"", ""homework completion"", ""lesson plan""]",ability; behaviour; homework completion; lesson plan; tutors,"[""tutors"", ""ability"", ""behaviour"", ""homework completion"", ""lesson plan""]",json_list,,,,,,,0.000000,0.000000,0.000000,0.000000,0.000000,0.000000,0.000000,0.000000,0.000000,0.000000,0.000000,0.000000,ability; behaviour; homework completion; lesson plan; tutors,,empty_prediction_entities
TB027,TB_DOC_05_tutortrail_learning_routes,"Extract the topic, misconception, evidence sentence, recommended exercise type, and whether the issue is conceptual or fluency-based.","[""topic"", ""misconception"", ""evidence sentence"", ""exercise type"", ""conceptual issue"", ""fluency-based issue""]",conceptual issue; evidence sentence; exercise type; fluency-based issue; misconception; topic,"[""topic"", ""misconception"", ""evidence sentence"", ""exercise type"", ""conceptual issue"", ""fluency-based issue""]",json_list,,,,,,,0.000000,0.000000,0.000000,0.000000,0.000000,0.000000,0.000000,0.000000,0.000000,0.000000,0.000000,0.000000,conceptual issue; evidence sentence; exercise type; fluency-based issue; misconception; topic,,empty_prediction_entities
TB028,TB_DOC_05_tutortrail_learning_routes,"A note saying the pupil can solve linear equations but freezes when the wording changes should route to transfer practice, not basic algebra.","[""pupil"", ""linear equations"", ""wording"", ""transfer practice"", ""basic algebra""]",basic algebra; linear equations; pupil; transfer practice; wording,"[""pupil"", ""linear equations"", ""wording"", ""transfer practice"", ""basic algebra""]",json_list,,,,,,,0.000000,0.000000,0.000000,0.000000,0.000000,0.000000,0.000000,0.000000,0.000000,0.000000,0.000000,0.000000,basic algebra; linear equations; pupil; transfer practice; wording,,empty_prediction_entities
TB029,TB_DOC_05_tutortrail_learning_routes,Do not infer a special educational need from a single frustration note unless the tutor explicitly recorded an assessed support plan.,"[""special educational need"", ""frustration note"", ""tutor"", ""support plan""]",frustration note; special educational need; support plan; tutor,"[""special educational need"", ""frustration note"", ""tutor"", ""support plan""]",json_list,,,,,,,0.000000,0.000000,0.000000,0.000000,0.000000,0.000000,0.000000,0.000000,0.000000,0.000000,0.000000,0.000000,frustration note; special educational need; support plan; tutor,,empty_prediction_entities
TB030,TB_DOC_05_tutortrail_learning_routes,Add a reviewer column so senior tutors can adjudicate borderline cases before those labels enter the gold set.,"[""reviewer column"", ""senior tutors"", ""borderline cases"", ""gold set""]",borderline cases; gold set; reviewer column; senior tutors,"[""reviewer column"", ""senior tutors"", ""borderline cases"", ""gold set""]",json_list,human review,human review,human review,human review,human review,human review,0.000000,0.000000,0.000000,0.000000,0.000000,0.000000,0.000000,0.000000,0.000000,0.000000,0.000000,0.000000,borderline cases; gold set; reviewer column; senior tutors,human review,delimiter_format_mismatch
TB031,TB_DOC_06_fraudsieve_invoice_controls,"FraudSieve is an invoice-control router that separates vendor identity changes, bank-detail changes, duplicate invoice patterns, and approval bypasses.","[""FraudSieve"", ""invoice-control router"", ""vendor identity changes"", ""bank-detail changes"", ""duplicate invoice patterns"", ""approval bypasses""]",approval bypasses; bank-detail changes; duplicate invoice patterns; FraudSieve; invoice-control router; vendor identity changes,"[""FraudSieve"", ""invoice-control router"", ""vendor identity changes"", ""bank-detail changes"", ""duplicate invoice patterns"", ""approval bypasses""]",json_list,controls,controls,controls,controls,controls,controls,0.000000,0.000000,0.000000,0.000000,0.000000,0.000000,0.000000,0.000000,0.000000,0.000000,0.000000,0.000000,approval bypasses; bank-detail changes; duplicate invoice patterns; FraudSieve; invoice-control router; vendor identity changes,controls,delimiter_format_mismatch
TB032,TB_DOC_06_fraudsieve_invoice_controls,"Finance reviewers currently mark many alerts as suspicious without explaining whether the risk comes from the vendor, the invoice, or the approver.","[""finance reviewers"", ""alerts"", ""vendor"", ""invoice"", ""approver""]",alerts; approver; finance reviewers; invoice; vendor,"[""finance reviewers"", ""alerts"", ""vendor"", ""invoice"", ""approver""]",json_list,controls; human review,controls; human review,controls; human review,controls; human review,controls; human review,controls; human review,0.000000,0.000000,0.000000,0.000000,0.000000,0.000000,0.000000,0.000000,0.000000,0.000000,0.000000,0.000000,alerts; approver; finance reviewers; invoice; vendor,controls; human review,delimiter_format_mismatch
TB033,TB_DOC_06_fraudsieve_invoice_controls,"The extraction should identify the payment risk, the evidence field, the control that failed, and the next approval gate.","[""payment risk"", ""evidence field"", ""control"", ""approval gate""]",approval gate; control; evidence field; payment risk,"[""payment risk"", ""evidence field"", ""control"", ""approval gate""]",json_list,controls,controls,controls,controls,controls,controls,0.000000,0.000000,0.000000,0.000000,0.000000,0.000000,0.000000,0.000000,0.000000,0.250000,0.250000,0.250000,approval gate; control; evidence field; payment risk,controls,singular_plural_or_alias_mismatch
TB034,TB_DOC_06_fraudsieve_invoice_controls,"Replace the old duplicate check with a normalized comparison across invoice number, supplier name, gross amount, and purchase-order reference.","[""duplicate check"", ""invoice number"", ""supplier name"", ""gross amount"", ""purchase-order reference""]",duplicate check; gross amount; invoice number; purchase-order reference; supplier name,"[""duplicate check"", ""invoice number"", ""supplier name"", ""gross amount"", ""purchase-order reference""]",json_list,controls,controls,controls,controls,controls,controls,0.000000,0.000000,0.000000,0.000000,0.000000,0.000000,0.000000,0.000000,0.000000,0.000000,0.000000,0.000000,duplicate check; gross amount; invoice number; purchase-order reference; supplier name,controls,delimiter_format_mismatch
TB035,TB_DOC_06_fraudsieve_invoice_controls,A sample of historic alerts showed high precision for exact duplicate invoices but weak recall for slightly altered supplier names.,"[""historic alerts"", ""precision"", ""duplicate invoices"", ""recall"", ""supplier names""]",duplicate invoices; historic alerts; precision; recall; supplier names,"[""historic alerts"", ""precision"", ""duplicate invoices"", ""recall"", ""supplier names""]",json_list,controls,controls,controls,controls,controls,controls,0.000000,0.000000,0.000000,0.000000,0.000000,0.000000,0.000000,0.000000,0.000000,0.000000,0.000000,0.000000,duplicate invoices; historic alerts; precision; recall; supplier names,controls,delimiter_format_mismatch
TB036,TB_DOC_06_fraudsieve_invoice_controls,The tool should not block payment automatically; it should route the case to a named approver with the evidence attached.,"[""tool"", ""payment"", ""case"", ""approver"", ""evidence""]",approver; case; evidence; payment; tool,"[""tool"", ""payment"", ""case"", ""approver"", ""evidence""]",json_list,controls,controls,controls,controls,controls,controls,0.000000,0.000000,0.000000,0.000000,0.000000,0.000000,0.000000,0.000000,0.000000,0.000000,0.000000,0.000000,approver; case; evidence; payment; tool,controls,delimiter_format_mismatch
TB037,TB_DOC_07_riverwatch_flood_notes,"RiverWatch turns field notes about water levels, blocked culverts, pump status, and road closures into flood-response routes.","[""RiverWatch"", ""field notes"", ""water levels"", ""blocked culverts"", ""pump status"", ""road closures"", ""flood-response routes""]",blocked culverts; field notes; flood-response routes; pump status; RiverWatch; road closures; water levels,"[""RiverWatch"", ""field notes"", ""water levels"", ""blocked culverts"", ""pump status"", ""road closures"", ""flood-response routes""]",json_list,,,,,,,0.000000,0.000000,0.000000,0.000000,0.000000,0.000000,0.000000,0.000000,0.000000,0.000000,0.000000,0.000000,blocked culverts; field notes; flood-response routes; pump status; RiverWatch; road closures; water levels,,empty_prediction_entities
TB038,TB_DOC_07_riverwatch_flood_notes,"The duty officer receives photos, resident calls, and sensor messages, but only some of them imply a required field deployment.","[""duty officer"", ""photos"", ""resident calls"", ""sensor messages"", ""field deployment""]",duty officer; field deployment; photos; resident calls; sensor messages,"[""duty officer"", ""photos"", ""resident calls"", ""sensor messages"", ""field deployment""]",json_list,,,,,,,0.000000,0.000000,0.000000,0.000000,0.000000,0.000000,0.000000,0.000000,0.000000,0.000000,0.000000,0.000000,duty officer; field deployment; photos; resident calls; sensor messages,,empty_prediction_entities
TB039,TB_DOC_07_riverwatch_flood_notes,"Classify each note by location, hazard type, confidence, immediate action, and whether another agency must be notified.","[""location"", ""hazard type"", ""confidence"", ""immediate action"", ""agency notification""]",agency notification; confidence; hazard type; immediate action; location,"[""location"", ""hazard type"", ""confidence"", ""immediate action"", ""agency notification""]",json_list,,,,,,,0.000000,0.000000,0.000000,0.000000,0.000000,0.000000,0.000000,0.000000,0.000000,0.000000,0.000000,0.000000,agency notification; confidence; hazard type; immediate action; location,,empty_prediction_entities
TB040,TB_DOC_07_riverwatch_flood_notes,"If the note reports standing water inside a known test basin after a scheduled drill, suppress the public-road closure route.","[""standing water"", ""test basin"", ""scheduled drill"", ""public-road closure route""]",public-road closure route; scheduled drill; standing water; test basin,"[""standing water"", ""test basin"", ""scheduled drill"", ""public-road closure route""]",json_list,,,,,,,0.000000,0.000000,0.000000,0.000000,0.000000,0.000000,0.000000,0.000000,0.000000,0.000000,0.000000,0.000000,public-road closure route; scheduled drill; standing water; test basin,,empty_prediction_entities
TB041,TB_DOC_07_riverwatch_flood_notes,"The trial found that blocked culvert reports were routed well, but bridge-depth notes needed a separate severity rule.","[""trial"", ""blocked culvert reports"", ""bridge-depth notes"", ""severity rule""]",blocked culvert reports; bridge-depth notes; severity rule; trial,"[""trial"", ""blocked culvert reports"", ""bridge-depth notes"", ""severity rule""]",json_list,,,,,,,0.000000,0.000000,0.000000,0.000000,0.000000,0.000000,0.000000,0.000000,0.000000,0.000000,0.000000,0.000000,blocked culvert reports; bridge-depth notes; severity rule; trial,,empty_prediction_entities
TB042,TB_DOC_07_riverwatch_flood_notes,Add a blind review set from the next storm event and score false alarms separately from missed deployments.,"[""blind review set"", ""storm event"", ""false alarms"", ""missed deployments""]",blind review set; false alarms; missed deployments; storm event,"[""blind review set"", ""storm event"", ""false alarms"", ""missed deployments""]",json_list,evaluation,evaluation,evaluation,evaluation,evaluation,evaluation,0.000000,0.000000,0.000000,0.000000,0.000000,0.000000,0.000000,0.000000,0.000000,0.000000,0.000000,0.000000,blind review set; false alarms; missed deployments; storm event,evaluation,delimiter_format_mismatch
TB043,TB_DOC_08_lawbrief_disclosure_tracker,"LawBrief Disclosure Tracker maps litigation notes into evidence request, privilege issue, disclosure deadline, client instruction, or counsel review.","[""LawBrief Disclosure Tracker"", ""litigation notes"", ""evidence request"", ""privilege issue"", ""disclosure deadline"", ""client instruction"", ""counsel review""]",client instruction; counsel review; disclosure deadline; evidence request; LawBrief Disclosure Tracker; litigation notes; privilege issue,"[""LawBrief Disclosure Tracker"", ""litigation notes"", ""evidence request"", ""privilege issue"", ""disclosure deadline"", ""client instruction"", ""counsel review""]",json_list,,,,,,,0.000000,0.000000,0.000000,0.000000,0.000000,0.000000,0.000000,0.000000,0.000000,0.000000,0.000000,0.000000,client instruction; counsel review; disclosure deadline; evidence request; LawBrief Disclosure Tracker; litigation notes; privilege issue,,empty_prediction_entities
TB044,TB_DOC_08_lawbrief_disclosure_tracker,"Case handlers sometimes mix factual evidence, legal advice, and deadline reminders in the same update.","[""case handlers"", ""factual evidence"", ""legal advice"", ""deadline reminders""]",case handlers; deadline reminders; factual evidence; legal advice,"[""case handlers"", ""factual evidence"", ""legal advice"", ""deadline reminders""]",json_list,,,,,,,0.000000,0.000000,0.000000,0.000000,0.000000,0.000000,0.000000,0.000000,0.000000,0.000000,0.000000,0.000000,case handlers; deadline reminders; factual evidence; legal advice,,empty_prediction_entities
TB045,TB_DOC_08_lawbrief_disclosure_tracker,"The extractor should separate document type, legal sensitivity, deadline, responsible person, and whether the note changes the case route.","[""extractor"", ""document type"", ""legal sensitivity"", ""deadline"", ""responsible person"", ""case route""]",case route; deadline; document type; extractor; legal sensitivity; responsible person,"[""extractor"", ""document type"", ""legal sensitivity"", ""deadline"", ""responsible person"", ""case route""]",json_list,,,,,,,0.000000,0.000000,0.000000,0.000000,0.000000,0.000000,0.000000,0.000000,0.000000,0.000000,0.000000,0.000000,case route; deadline; document type; extractor; legal sensitivity; responsible person,,empty_prediction_entities
TB046,TB_DOC_08_lawbrief_disclosure_tracker,The system must not decide privilege or waive confidentiality; it can only flag that a qualified reviewer is needed.,"[""privilege"", ""confidentiality"", ""qualified reviewer""]",confidentiality; privilege; qualified reviewer,"[""privilege"", ""confidentiality"", ""qualified reviewer""]",json_list,human review,human review,human review,human review,human review,human review,0.000000,0.000000,0.000000,0.000000,0.000000,0.000000,0.000000,0.000000,0.000000,0.000000,0.000000,0.000000,confidentiality; privilege; qualified reviewer,human review,delimiter_format_mismatch
TB047,TB_DOC_08_lawbrief_disclosure_tracker,"A note saying the client found a contract draft on an old laptop should route to evidence collection, not automatically to privilege review.","[""client"", ""contract draft"", ""old laptop"", ""evidence collection"", ""privilege review""]",client; contract draft; evidence collection; old laptop; privilege review,"[""client"", ""contract draft"", ""old laptop"", ""evidence collection"", ""privilege review""]",json_list,,,,,,,0.000000,0.000000,0.000000,0.000000,0.000000,0.000000,0.000000,0.000000,0.000000,0.000000,0.000000,0.000000,client; contract draft; evidence collection; old laptop; privilege review,,empty_prediction_entities
TB048,TB_DOC_08_lawbrief_disclosure_tracker,"Build the blind corpus from new neutral case summaries, not from prior gold examples or training snippets.","[""blind corpus"", ""case summaries"", ""gold examples"", ""training snippets""]",blind corpus; case summaries; gold examples; training snippets,"[""blind corpus"", ""case summaries"", ""gold examples"", ""training snippets""]",json_list,benchmark,benchmark,benchmark,benchmark,benchmark,benchmark,0.000000,0.000000,0.000000,0.000000,0.000000,0.000000,0.000000,0.000000,0.000000,0.000000,0.000000,0.000000,blind corpus; case summaries; gold examples; training snippets,benchmark,delimiter_format_mismatch
TB049,TB_DOC_09_roboinspect_factory_checks,"RoboInspect routes factory inspection notes into defect type, machine owner, safety class, downtime risk, and repair priority.","[""RoboInspect"", ""factory inspection notes"", ""defect type"", ""machine owner"", ""safety class"", ""downtime risk"", ""repair priority""]",defect type; downtime risk; factory inspection notes; machine owner; repair priority; RoboInspect; safety class,"[""RoboInspect"", ""factory inspection notes"", ""defect type"", ""machine owner"", ""safety class"", ""downtime risk"", ""repair priority""]",json_list,,,,,,,0.000000,0.000000,0.000000,0.000000,0.000000,0.000000,0.000000,0.000000,0.000000,0.000000,0.000000,0.000000,defect type; downtime risk; factory inspection notes; machine owner; repair priority; RoboInspect; safety class,,empty_prediction_entities
TB050,TB_DOC_09_roboinspect_factory_checks,"Operators write short notes during shift change, and the same phrase can mean a cosmetic defect or a safety-critical fault depending on the line.","[""operators"", ""shift change"", ""cosmetic defect"", ""safety-critical fault"", ""line""]",cosmetic defect; line; operators; safety-critical fault; shift change,"[""operators"", ""shift change"", ""cosmetic defect"", ""safety-critical fault"", ""line""]",json_list,,,,,,,0.000000,0.000000,0.000000,0.000000,0.000000,0.000000,0.000000,0.000000,0.000000,0.000000,0.000000,0.000000,cosmetic defect; line; operators; safety-critical fault; shift change,,empty_prediction_entities
TB051,TB_DOC_09_roboinspect_factory_checks,"Each note should be paired with machine ID, station, observed symptom, recurrence, and whether production must stop.","[""machine ID"", ""station"", ""observed symptom"", ""recurrence"", ""production stop""]",machine ID; observed symptom; production stop; recurrence; station,"[""machine ID"", ""station"", ""observed symptom"", ""recurrence"", ""production stop""]",json_list,,,,,,,0.000000,0.000000,0.000000,0.000000,0.000000,0.000000,0.000000,0.000000,0.000000,0.000000,0.000000,0.000000,machine ID; observed symptom; production stop; recurrence; station,,empty_prediction_entities
TB052,TB_DOC_09_roboinspect_factory_checks,Add a calibration rule that treats repeated minor vibration notes as escalating risk after the third occurrence in seven days.,"[""calibration rule"", ""minor vibration notes"", ""escalating risk"", ""third occurrence"", ""seven days""]",calibration rule; escalating risk; minor vibration notes; seven days; third occurrence,"[""calibration rule"", ""minor vibration notes"", ""escalating risk"", ""third occurrence"", ""seven days""]",json_list,,,,,,,0.000000,0.000000,0.000000,0.000000,0.000000,0.000000,0.000000,0.000000,0.000000,0.000000,0.000000,0.000000,calibration rule; escalating risk; minor vibration notes; seven days; third occurrence,,empty_prediction_entities
TB053,TB_DOC_09_roboinspect_factory_checks,The previous review showed that the route classifier overused the downtime label when the note mentioned a spare part.,"[""review"", ""route classifier"", ""downtime label"", ""spare part""]",downtime label; review; route classifier; spare part,"[""review"", ""route classifier"", ""downtime label"", ""spare part""]",json_list,,,,,,,0.000000,0.000000,0.000000,0.000000,0.000000,0.000000,0.000000,0.000000,0.000000,0.000000,0.000000,0.000000,downtime label; review; route classifier; spare part,,empty_prediction_entities
TB054,TB_DOC_09_roboinspect_factory_checks,Do not escalate a fault if the note explicitly says the machine is isolated for planned maintenance.,"[""fault"", ""machine"", ""planned maintenance""]",fault; machine; planned maintenance,"[""fault"", ""machine"", ""planned maintenance""]",json_list,,,,,,,0.000000,0.000000,0.000000,0.000000,0.000000,0.000000,0.000000,0.000000,0.000000,0.000000,0.000000,0.000000,fault; machine; planned maintenance,,empty_prediction_entities
TB055,TB_DOC_10_greenledger_supplier_risk,"GreenLedger maps supplier notes into carbon evidence, labour-risk concern, certification status, data gap, or remediation action.","[""GreenLedger"", ""supplier notes"", ""carbon evidence"", ""labour-risk concern"", ""certification status"", ""data gap"", ""remediation action""]",carbon evidence; certification status; data gap; GreenLedger; labour-risk concern; remediation action; supplier notes,"[""GreenLedger"", ""supplier notes"", ""carbon evidence"", ""labour-risk concern"", ""certification status"", ""data gap"", ""remediation action""]",json_list,,,,,,,0.000000,0.000000,0.000000,0.000000,0.000000,0.000000,0.000000,0.000000,0.000000,0.000000,0.000000,0.000000,carbon evidence; certification status; data gap; GreenLedger; labour-risk concern; remediation action; supplier notes,,empty_prediction_entities
TB056,TB_DOC_10_greenledger_supplier_risk,Procurement teams often record a supplier's claim without noting whether the claim has been verified by a document.,"[""procurement teams"", ""supplier claim"", ""verified document""]",procurement teams; supplier claim; verified document,"[""procurement teams"", ""supplier claim"", ""verified document""]",json_list,,,,,,,0.000000,0.000000,0.000000,0.000000,0.000000,0.000000,0.000000,0.000000,0.000000,0.000000,0.000000,0.000000,procurement teams; supplier claim; verified document,,empty_prediction_entities
TB057,TB_DOC_10_greenledger_supplier_risk,"Extract the claim, evidence source, verification level, due date, and whether the route requires audit, supplier follow-up, or internal approval.","[""claim"", ""evidence source"", ""verification level"", ""due date"", ""audit"", ""supplier follow-up"", ""internal approval""]",audit; claim; due date; evidence source; internal approval; supplier follow-up; verification level,"[""claim"", ""evidence source"", ""verification level"", ""due date"", ""audit"", ""supplier follow-up"", ""internal approval""]",json_list,,,,,,,0.000000,0.000000,0.000000,0.000000,0.000000,0.000000,0.000000,0.000000,0.000000,0.000000,0.000000,0.000000,audit; claim; due date; evidence source; internal approval; supplier follow-up; verification level,,empty_prediction_entities
TB058,TB_DOC_10_greenledger_supplier_risk,Do not treat a marketing brochure as certification unless a named standard and certificate number are present.,"[""marketing brochure"", ""certification"", ""standard"", ""certificate number""]",certificate number; certification; marketing brochure; standard,"[""marketing brochure"", ""certification"", ""standard"", ""certificate number""]",json_list,,,,,,,0.000000,0.000000,0.000000,0.000000,0.000000,0.000000,0.000000,0.000000,0.000000,0.000000,0.000000,0.000000,certificate number; certification; marketing brochure; standard,,empty_prediction_entities
TB059,TB_DOC_10_greenledger_supplier_risk,The first pass improved data-gap detection but missed cases where the supplier gave a certificate that had expired.,"[""first pass"", ""data-gap detection"", ""supplier"", ""expired certificate""]",data-gap detection; expired certificate; first pass; supplier,"[""first pass"", ""data-gap detection"", ""supplier"", ""expired certificate""]",json_list,,,,,,,0.000000,0.000000,0.000000,0.000000,0.000000,0.000000,0.000000,0.000000,0.000000,0.000000,0.000000,0.000000,data-gap detection; expired certificate; first pass; supplier,,empty_prediction_entities
TB060,TB_DOC_10_greenledger_supplier_risk,Create a fresh blind batch from suppliers outside the original pilot sectors before changing the production scoring threshold.,"[""fresh blind batch"", ""suppliers"", ""pilot sectors"", ""production scoring threshold""]",fresh blind batch; pilot sectors; production scoring threshold; suppliers,"[""fresh blind batch"", ""suppliers"", ""pilot sectors"", ""production scoring threshold""]",json_list,evaluation,evaluation,evaluation,evaluation,evaluation,evaluation,0.000000,0.000000,0.000000,0.000000,0.000000,0.000000,0.000000,0.000000,0.000000,0.000000,0.000000,0.000000,fresh blind batch; pilot sectors; production scoring threshold; suppliers,evaluation,delimiter_format_mismatch
TB061,TB_DOC_11_eventmesh_incident_queue,"EventMesh routes live-event incident notes into crowd flow, medical support, access control, technical fault, or steward deployment.","[""EventMesh"", ""live-event incident notes"", ""crowd flow"", ""medical support"", ""access control"", ""technical fault"", ""steward deployment""]",access control; crowd flow; EventMesh; live-event incident notes; medical support; steward deployment; technical fault,"[""EventMesh"", ""live-event incident notes"", ""crowd flow"", ""medical support"", ""access control"", ""technical fault"", ""steward deployment""]",json_list,controls,controls,controls,controls,controls,controls,0.000000,0.000000,0.000000,0.000000,0.000000,0.000000,0.000000,0.000000,0.000000,0.000000,0.000000,0.000000,access control; crowd flow; EventMesh; live-event incident notes; medical support; steward deployment; technical fault,controls,delimiter_format_mismatch
TB062,TB_DOC_11_eventmesh_incident_queue,"During a busy event, radio messages are brief and often omit whether the issue is already handled or still needs action.","[""busy event"", ""radio messages"", ""issue"", ""action""]",action; busy event; issue; radio messages,"[""busy event"", ""radio messages"", ""issue"", ""action""]",json_list,,,,,,,0.000000,0.000000,0.000000,0.000000,0.000000,0.000000,0.000000,0.000000,0.000000,0.000000,0.000000,0.000000,action; busy event; issue; radio messages,,empty_prediction_entities
TB063,TB_DOC_11_eventmesh_incident_queue,"The route should extract zone, incident type, urgency, current owner, and whether the note closes or opens an incident.","[""zone"", ""incident type"", ""urgency"", ""current owner"", ""incident""]",current owner; incident; incident type; urgency; zone,"[""zone"", ""incident type"", ""urgency"", ""current owner"", ""incident""]",json_list,,,,,,,0.000000,0.000000,0.000000,0.000000,0.000000,0.000000,0.000000,0.000000,0.000000,0.000000,0.000000,0.000000,current owner; incident; incident type; urgency; zone,,empty_prediction_entities
TB064,TB_DOC_11_eventmesh_incident_queue,A note saying Gate C scanner offline with queue building should route to both technical fault and crowd-flow monitoring.,"[""Gate C"", ""scanner"", ""queue"", ""technical fault"", ""crowd-flow monitoring""]",crowd-flow monitoring; Gate C; queue; scanner; technical fault,"[""Gate C"", ""scanner"", ""queue"", ""technical fault"", ""crowd-flow monitoring""]",json_list,,,,,,,0.000000,0.000000,0.000000,0.000000,0.000000,0.000000,0.000000,0.000000,0.000000,0.000000,0.000000,0.000000,crowd-flow monitoring; Gate C; queue; scanner; technical fault,,empty_prediction_entities
TB065,TB_DOC_11_eventmesh_incident_queue,The system must not down-rank a medical note because the text is short; medical keywords should preserve priority until reviewed.,"[""medical note"", ""medical keywords"", ""priority"", ""review""]",medical keywords; medical note; priority; review,"[""medical note"", ""medical keywords"", ""priority"", ""review""]",json_list,,,,,,,0.000000,0.000000,0.000000,0.000000,0.000000,0.000000,0.000000,0.000000,0.000000,0.000000,0.000000,0.000000,medical keywords; medical note; priority; review,,empty_prediction_entities
TB066,TB_DOC_11_eventmesh_incident_queue,Test the model on a blind set from a different venue so venue-specific language does not inflate scores.,"[""model"", ""blind set"", ""venue"", ""venue-specific language"", ""scores""]",blind set; model; scores; venue; venue-specific language,"[""model"", ""blind set"", ""venue"", ""venue-specific language"", ""scores""]",json_list,evaluation,evaluation,evaluation,evaluation,evaluation,evaluation,0.000000,0.000000,0.000000,0.000000,0.000000,0.000000,0.000000,0.000000,0.000000,0.200000,0.200000,0.200000,blind set; model; scores; venue; venue-specific language,evaluation,singular_plural_or_alias_mismatch
TB067,TB_DOC_12_heritagevault_catalogue_routes,"HeritageVault routes museum catalogue notes into provenance gap, conservation risk, digitisation need, loan restriction, or research lead.","[""HeritageVault"", ""museum catalogue notes"", ""provenance gap"", ""conservation risk"", ""digitisation need"", ""loan restriction"", ""research lead""]",conservation risk; digitisation need; HeritageVault; loan restriction; museum catalogue notes; provenance gap; research lead,"[""HeritageVault"", ""museum catalogue notes"", ""provenance gap"", ""conservation risk"", ""digitisation need"", ""loan restriction"", ""research lead""]",json_list,,,,,,,0.000000,0.000000,0.000000,0.000000,0.000000,0.000000,0.000000,0.000000,0.000000,0.000000,0.000000,0.000000,conservation risk; digitisation need; HeritageVault; loan restriction; museum catalogue notes; provenance gap; research lead,,empty_prediction_entities
TB068,TB_DOC_12_heritagevault_catalogue_routes,"Curators use descriptive language that may contain a condition concern, a historical claim, and a display recommendation in one note.","[""curators"", ""condition concern"", ""historical claim"", ""display recommendation""]",condition concern; curators; display recommendation; historical claim,"[""curators"", ""condition concern"", ""historical claim"", ""display recommendation""]",json_list,,,,,,,0.000000,0.000000,0.000000,0.000000,0.000000,0.000000,0.000000,0.000000,0.000000,0.000000,0.000000,0.000000,condition concern; curators; display recommendation; historical claim,,empty_prediction_entities
TB069,TB_DOC_12_heritagevault_catalogue_routes,"For each note, extract object identifier, material, risk phrase, evidence phrase, workflow route, and whether specialist review is required.","[""object identifier"", ""material"", ""risk phrase"", ""evidence phrase"", ""workflow route"", ""specialist review""]",evidence phrase; material; object identifier; risk phrase; specialist review; workflow route,"[""object identifier"", ""material"", ""risk phrase"", ""evidence phrase"", ""workflow route"", ""specialist review""]",json_list,,,,,,,0.000000,0.000000,0.000000,0.000000,0.000000,0.000000,0.000000,0.000000,0.000000,0.000000,0.000000,0.000000,evidence phrase; material; object identifier; risk phrase; specialist review; workflow route,,empty_prediction_entities
TB070,TB_DOC_12_heritagevault_catalogue_routes,"If a note only says the item resembles another piece, do not route it as confirmed provenance evidence.","[""item"", ""another piece"", ""provenance evidence""]",another piece; item; provenance evidence,"[""item"", ""another piece"", ""provenance evidence""]",json_list,,,,,,,0.000000,0.000000,0.000000,0.000000,0.000000,0.000000,0.000000,0.000000,0.000000,0.000000,0.000000,0.000000,another piece; item; provenance evidence,,empty_prediction_entities
TB071,TB_DOC_12_heritagevault_catalogue_routes,A trial on new catalogue descriptions found strong detection of digitisation needs but weak separation between research lead and provenance gap.,"[""trial"", ""catalogue descriptions"", ""digitisation needs"", ""research lead"", ""provenance gap""]",catalogue descriptions; digitisation needs; provenance gap; research lead; trial,"[""trial"", ""catalogue descriptions"", ""digitisation needs"", ""research lead"", ""provenance gap""]",json_list,,,,,,,0.000000,0.000000,0.000000,0.000000,0.000000,0.000000,0.000000,0.000000,0.000000,0.000000,0.000000,0.000000,catalogue descriptions; digitisation needs; provenance gap; research lead; trial,,empty_prediction_entities
TB072,TB_DOC_12_heritagevault_catalogue_routes,Run the next evaluation on newly written catalogue notes and freeze predictions before the curator fills the gold labels.,"[""evaluation"", ""catalogue notes"", ""predictions"", ""curator"", ""gold labels""]",catalogue notes; curator; evaluation; gold labels; predictions,"[""evaluation"", ""catalogue notes"", ""predictions"", ""curator"", ""gold labels""]",json_list,evaluation; gold labels,evaluation; gold labels,evaluation; gold labels,evaluation; gold labels,evaluation; gold labels,evaluation; gold labels,0.000000,0.000000,0.000000,0.400000,0.400000,0.400000,0.400000,0.400000,0.400000,0.400000,0.400000,0.400000,catalogue notes; curator; predictions,,singular_plural_or_alias_mismatch
