segment_id,title,text,gold_role,pred_role,gold_entities,pred_entities,entity_jaccard,gold_operative_status,pred_operative_status,gold_relation,pred_relation,gold_answer_relevant,pred_answer_relevant,failure_pattern
FBV2_0001,Blood Bank Platelet Allocation,A second pass should track platelet expiry window from intake to closure and record when trauma cooler appears. The team can then see whether blood bank platelet allocation case 1-01 predicts a route change.,NEXT_STEP,NEXT_STEP,blood bank platelet allocation case 1-01; platelet expiry window; trauma cooler,allocation case 1-01; allocation case 1-01 predicts; bank platelet allocation; bank platelet allocation case; blood bank platelet; blood bank platelet allocation; case 1-01 predicts; platelet allocation case,0.000000,ACTIVE,ACTIVE,proposes_next_test,proposes_next_test,YES,YES,entity_exact+entity_jaccard_lt_0.5
FBV2_0002,Blood Bank Platelet Allocation,A sample handoff begins with crossmatch tray in place and donor batch record missing from the packet. blood bank platelet allocation case 1-02 gives the reviewer the reason for keeping the file open.,EXAMPLE,EXAMPLE,blood bank platelet allocation case 1-02; crossmatch tray; donor batch record,allocation case 1-02; allocation case 1-02 gives; bank platelet allocation; bank platelet allocation case; batch record missing; blood bank platelet; blood bank platelet allocation; case 1-02 gives,0.000000,DESCRIPTIVE,DESCRIPTIVE,gives_example,gives_example,YES,YES,entity_exact+entity_jaccard_lt_0.5
FBV2_0003,Blood Bank Platelet Allocation,"Sort oncology ward request by time, attach night courier sheet, and send blood bank platelet allocation case 1-03 to the lane with the matching staff owner. Leave disputed entries open.",METHOD,METHOD,blood bank platelet allocation case 1-03; night courier sheet; oncology ward request,Leave disputed entries; Leave disputed entries open; matching staff owner Leave; owner Leave disputed; owner Leave disputed entries; Sort oncology ward; Sort oncology ward request; staff owner Leave,0.000000,ACTIVE,ACTIVE,recommends,recommends,YES,YES,entity_exact+entity_jaccard_lt_0.5
FBV2_0004,Blood Bank Platelet Allocation,"On this desk, trauma cooler is the shared reference the team checks before any reassignment. It links blood fridge log with blood bank platelet allocation case 1-04 so the same object is visible to everyone.",DEFINE,DEFINE,blood bank platelet allocation case 1-04; blood fridge log; trauma cooler,allocation case 1-04; bank platelet allocation; bank platelet allocation case; blood bank platelet; blood bank platelet allocation; blood fridge log; desk trauma cooler; links blood fridge,0.100000,DESCRIPTIVE,DESCRIPTIVE,defines,defines,YES,YES,entity_exact+entity_jaccard_lt_0.5
FBV2_0005,Blood Bank Platelet Allocation,donor batch record sits beside compatibility hold at the opening desk while blood bank platelet allocation case 1-05 waits for review. Staff read the packet to understand the day before any routing choice moves.,BACKGROUND,BACKGROUND,blood bank platelet allocation case 1-05; compatibility hold; donor batch record,allocation case 1-05; allocation case 1-05 waits; any routing choice; any routing choice moves; bank platelet allocation; bank platelet allocation case; batch record sits; review Staff read,0.000000,DESCRIPTIVE,DESCRIPTIVE,sets_context,sets_context,MAYBE,MAYBE,entity_exact+entity_jaccard_lt_0.5
FBV2_0006,Blood Bank Platelet Allocation,A coordinator should treat night courier sheet with care when platelet expiry window has no matching timestamp. blood bank platelet allocation case 1-06 remains open until the file catches up.,LIMITATION,LIMITATION,blood bank platelet allocation case 1-06; night courier sheet; platelet expiry window,1-06 remains open; 1-06 remains open until; allocation case 1-06; allocation case 1-06 remains; bank platelet allocation; bank platelet allocation case; blood bank platelet; blood bank platelet allocation,0.000000,LIMITED,LIMITED,warns_about,warns_about,YES,YES,entity_exact+entity_jaccard_lt_0.5
FBV2_0007,Blood Bank Platelet Allocation,A desk sample showed blood fridge log reducing search time when crossmatch tray was also attached. blood bank platelet allocation case 1-07 was the field most often opened during review.,RESULT,RESULT,blood bank platelet allocation case 1-07; blood fridge log; crossmatch tray,allocation case 1-07; allocation case 1-07 was; also attached blood; also attached blood bank; attached blood bank; attached blood bank platelet; bank platelet allocation; bank platelet allocation case,0.000000,DESCRIPTIVE,DESCRIPTIVE,supports_retrieval,supports_retrieval,YES,YES,entity_exact+entity_jaccard_lt_0.5
FBV2_0008,Blood Bank Platelet Allocation,The safer choice comes from reading compatibility hold beside oncology ward request. Treating blood bank platelet allocation case 1-08 alone as decisive makes the handoff weaker.,CLAIM,CLAIM,blood bank platelet allocation case 1-08; compatibility hold; oncology ward request,blood bank; compatibility hold; oncology ward request; platelet allocation case 1-08,0.400000,NEGATED,NEGATED,asserts,asserts,YES,YES,entity_exact+entity_jaccard_lt_0.5
FBV2_0009,Blood Bank Platelet Allocation,"One Tuesday file carries platelet expiry window, trauma cooler, and a late note about blood bank platelet allocation case 1-09. The desk uses that mix to show how a small mismatch changes routing.",EXAMPLE,EXAMPLE,blood bank platelet allocation case 1-09; platelet expiry window; trauma cooler,about blood bank; about blood bank platelet; allocation case 1-09; bank platelet allocation; One Tuesday file; One Tuesday file carries; Tuesday file carries; Tuesday file carries platelet,0.000000,DESCRIPTIVE,DESCRIPTIVE,gives_example,gives_example,YES,YES,entity_exact+entity_jaccard_lt_0.5
FBV2_0010,Blood Bank Platelet Allocation,"First compare crossmatch tray with donor batch record, then place blood bank platelet allocation case 1-10 in the matching queue. If the two records disagree, hold the case for desk review.",METHOD,METHOD,blood bank platelet allocation case 1-10; crossmatch tray; donor batch record,allocation case 1-10; bank platelet allocation; bank platelet allocation case; blood bank platelet; blood bank platelet allocation; compare crossmatch tray; First compare crossmatch; First compare crossmatch tray,0.000000,ACTIVE,ACTIVE,requires,requires,YES,YES,entity_exact+entity_jaccard_lt_0.5
FBV2_0011,Blood Bank Platelet Allocation,A sample of closed files showed oncology ward request missing from several late cases. The same sample had night courier sheet and blood bank platelet allocation case 1-11 in the files that moved cleanly.,RESULT,RESULT,blood bank platelet allocation case 1-11; night courier sheet; oncology ward request,allocation case 1-11; bank platelet allocation; bank platelet allocation case; blood bank platelet; blood bank platelet allocation; closed files showed; closed files showed oncology; files showed oncology,0.000000,DESCRIPTIVE,DESCRIPTIVE,supports_retrieval,supports_retrieval,YES,YES,entity_exact+entity_jaccard_lt_0.5
FBV2_0012,Blood Bank Platelet Allocation,The desk can misread trauma cooler when blood fridge log arrives late. blood bank platelet allocation case 1-12 stays provisional while the two records are reconciled.,LIMITATION,LIMITATION,blood bank platelet allocation case 1-12; blood fridge log; trauma cooler,1-12 stays provisional; 1-12 stays provisional while; allocation case 1-12; allocation case 1-12 stays; arrives late blood; arrives late blood bank; bank platelet allocation; bank platelet allocation case,0.000000,LIMITED,LIMITED,warns_about,warns_about,YES,YES,entity_exact+entity_jaccard_lt_0.5
FBV2_0013,Blood Bank Platelet Allocation,A follow-up table should pair donor batch record with the owner who handled compatibility hold. That table would show whether blood bank platelet allocation case 1-13 belongs earlier in the queue.,NEXT_STEP,NEXT_STEP,blood bank platelet allocation case 1-13; compatibility hold; donor batch record,1-13 belongs earlier; allocation case 1-13; allocation case 1-13 belongs; bank platelet allocation; bank platelet allocation case; blood bank platelet; blood bank platelet allocation; case 1-13 belongs,0.000000,ACTIVE,ACTIVE,proposes_next_test,proposes_next_test,YES,YES,entity_exact+entity_jaccard_lt_0.5
FBV2_0014,Blood Bank Platelet Allocation,"At shift handover, night courier sheet and platelet expiry window frame the queue that includes blood bank platelet allocation case 1-14. The note gives the coordinator enough scene detail to place later entries.",BACKGROUND,BACKGROUND,blood bank platelet allocation case 1-14; night courier sheet; platelet expiry window,allocation case 1-14; bank platelet allocation; bank platelet allocation case; blood bank platelet; blood bank platelet allocation; coordinator enough scene; coordinator enough scene detail; enough scene detail,0.000000,DESCRIPTIVE,DESCRIPTIVE,sets_context,sets_context,MAYBE,MAYBE,entity_exact+entity_jaccard_lt_0.5
FBV2_0015,Blood Bank Platelet Allocation,A coordinator can trust blood fridge log more when crossmatch tray matches the same timeline. That pairing keeps blood bank platelet allocation case 1-15 from becoming the sole signal.,CLAIM,CLAIM,blood bank platelet allocation case 1-15; blood fridge log; crossmatch tray,allocation case 1-15; bank platelet allocation; bank platelet allocation case; blood bank platelet; blood bank platelet allocation; blood fridge log; blood fridge log more; can trust blood,0.100000,ACTIVE,ACTIVE,asserts,asserts,YES,YES,entity_exact+entity_jaccard_lt_0.5
FBV2_0016,Blood Bank Platelet Allocation,"The phrase compatibility hold points to the record where oncology ward request and blood bank platelet allocation case 1-16 are stored together. Staff use it only for the routing object, not for the entire service.",DEFINE,DEFINE,blood bank platelet allocation case 1-16; compatibility hold; oncology ward request,allocation case 1-16; bank platelet allocation; bank platelet allocation case; blood bank platelet; blood bank platelet allocation; compatibility hold points; oncology ward request; stored together Staff,0.100000,DESCRIPTIVE,DESCRIPTIVE,defines,defines,YES,YES,entity_exact+entity_jaccard_lt_0.5
FBV2_0017,Interlibrary Loan Queue,Reviewers counted more timely handoffs when request slip was checked before copyright page count. The audit trail pointed back to library interlibrary loan case 2-01 on the disputed cases.,RESULT,RESULT,copyright page count; library interlibrary loan case 2-01; request slip,audit trail pointed; audit trail pointed back; copyright page count; counted more timely; counted more timely handoffs; interlibrary loan case; Reviewers counted more; Reviewers counted more timely,0.100000,DESCRIPTIVE,DESCRIPTIVE,supports_retrieval,supports_retrieval,YES,YES,entity_exact+entity_jaccard_lt_0.5
FBV2_0018,Interlibrary Loan Queue,lending library notice loses value when patron pickup shelf is copied from an older shift. The case tied to library interlibrary loan case 2-02 needs review before it moves.,LIMITATION,LIMITATION,lending library notice; library interlibrary loan case 2-02; patron pickup shelf,2-02 needs review; case 2-02 needs; case 2-02 needs review; interlibrary loan case; interlibrary loan case 2-02; lending library notice; lending library notice loses; library interlibrary loan,0.100000,LIMITED,LIMITED,warns_about,warns_about,YES,YES,entity_exact+entity_jaccard_lt_0.5
FBV2_0019,Interlibrary Loan Queue,"One file has scanner station arriving before shipping label, while library interlibrary loan case 2-03 remains unsigned. The coordinator keeps the case open until the two desk records match.",EXAMPLE,EXAMPLE,library interlibrary loan case 2-03; scanner station; shipping label,2-03 remains unsigned; case 2-03 remains; case 2-03 remains unsigned; case open until; desk records match; interlibrary loan case; interlibrary loan case 2-03; label while library,0.000000,DESCRIPTIVE,DESCRIPTIVE,gives_example,gives_example,YES,YES,entity_exact+entity_jaccard_lt_0.5
FBV2_0020,Interlibrary Loan Queue,A desk sample showed copyright page count reducing search time when journal issue record was also attached. library interlibrary loan case 2-04 was the field most often opened during review.,RESULT,RESULT,copyright page count; journal issue record; library interlibrary loan case 2-04,also attached library; also attached library interlibrary; attached library interlibrary; attached library interlibrary loan; case 2-04 was; copyright page count; copyright page count reducing; count reducing search,0.100000,DESCRIPTIVE,DESCRIPTIVE,reports_usefulness,reports_usefulness,YES,YES,entity_exact+entity_jaccard_lt_0.5
FBV2_0021,Interlibrary Loan Queue,"The phrase patron pickup shelf points to the record where renewal hold and library interlibrary loan case 2-05 are stored together. Staff use it only for the routing object, not for the entire service.",DEFINE,DEFINE,library interlibrary loan case 2-05; patron pickup shelf; renewal hold,interlibrary loan case; interlibrary loan case 2-05; library interlibrary loan; library interlibrary loan case; loan case 2-05; patron pickup shelf; patron pickup shelf points; stored together Staff,0.100000,DESCRIPTIVE,DESCRIPTIVE,defines,defines,YES,YES,entity_exact+entity_jaccard_lt_0.5
FBV2_0022,Interlibrary Loan Queue,"Map shipping label to request slip, then send library interlibrary loan case 2-06 to the same queue. The case remains visible until the owner confirms receipt.",METHOD,METHOD,library interlibrary loan case 2-06; request slip; shipping label,case remains visible; case remains visible until; interlibrary loan case; interlibrary loan case 2-06; library interlibrary loan; library interlibrary loan case; loan case 2-06; Map shipping label,0.000000,ACTIVE,ACTIVE,recommends,recommends,YES,YES,entity_exact+entity_jaccard_lt_0.5
FBV2_0023,Interlibrary Loan Queue,lending library notice is filed next to journal issue record whenever library interlibrary loan case 2-07 is active. That arrangement shows which parts of the work are already on the board.,BACKGROUND,BACKGROUND,journal issue record; lending library notice; library interlibrary loan case 2-07,interlibrary loan case 2-07; journal issue record; lending library notice,0.500000,DESCRIPTIVE,DESCRIPTIVE,sets_context,sets_context,MAYBE,MAYBE,entity_exact
FBV2_0024,Interlibrary Loan Queue,A caller asks about renewal hold while the desk is still waiting for scanner station. The coordinator checks library interlibrary loan case 2-08 before assigning the next owner.,EXAMPLE,EXAMPLE,library interlibrary loan case 2-08; renewal hold; scanner station,about renewal hold; about renewal hold while; asks about renewal; asks about renewal hold; caller asks about; caller asks about renewal; checks library interlibrary; checks library interlibrary loan,0.000000,DESCRIPTIVE,DESCRIPTIVE,gives_example,gives_example,YES,YES,entity_exact+entity_jaccard_lt_0.5
FBV2_0025,Interlibrary Loan Queue,The team can run a two-week check on request slip and record how often copyright page count changes the decision. library interlibrary loan case 2-09 should be logged before and after the desk action.,NEXT_STEP,NEXT_STEP,copyright page count; library interlibrary loan case 2-09; request slip,copyright page count; copyright page count changes; decision library interlibrary; decision library interlibrary loan; how often copyright; how often copyright page; interlibrary loan case; interlibrary loan case 2-09,0.100000,ACTIVE,ACTIVE,proposes_next_test,proposes_next_test,YES,YES,entity_exact+entity_jaccard_lt_0.5
FBV2_0026,Interlibrary Loan Queue,The desk gains a clearer queue when lending library notice and patron pickup shelf travel together. Separating them leaves library interlibrary loan case 2-10 too much room to steer the decision.,CLAIM,CLAIM,lending library notice; library interlibrary loan case 2-10; patron pickup shelf,2-10 too much; Separating them leaves; Separating them leaves library; shelf travel together Separating; together Separating them; together Separating them leaves; travel together Separating; travel together Separating them,0.000000,ACTIVE,ACTIVE,asserts,asserts,YES,YES,entity_exact+entity_jaccard_lt_0.5
FBV2_0027,Interlibrary Loan Queue,"At shift handover, scanner station and shipping label frame the queue that includes library interlibrary loan case 2-11. The note gives the coordinator enough scene detail to place later entries.",BACKGROUND,BACKGROUND,library interlibrary loan case 2-11; scanner station; shipping label,coordinator enough scene; coordinator enough scene detail; enough scene detail; handover scanner station; includes library interlibrary; includes library interlibrary loan; interlibrary loan case; interlibrary loan case 2-11,0.000000,DESCRIPTIVE,DESCRIPTIVE,sets_context,sets_context,MAYBE,MAYBE,entity_exact+entity_jaccard_lt_0.5
FBV2_0028,Interlibrary Loan Queue,"Within the office, copyright page count is the working label for a case bundle containing journal issue record and library interlibrary loan case 2-12. It is narrower than the whole daily queue.",DEFINE,DEFINE,copyright page count; journal issue record; library interlibrary loan case 2-12,bundle containing journal; bundle containing journal issue; case bundle containing; case bundle containing journal; containing journal issue; containing journal issue record; copyright page count; interlibrary loan case,0.100000,DESCRIPTIVE,DESCRIPTIVE,defines,defines,YES,YES,entity_exact+entity_jaccard_lt_0.5
FBV2_0029,Interlibrary Loan Queue,The safer choice comes from reading patron pickup shelf beside renewal hold. Treating library interlibrary loan case 2-13 alone as decisive makes the handoff weaker.,CLAIM,CLAIM,library interlibrary loan case 2-13; patron pickup shelf; renewal hold,beside renewal hold; beside renewal hold Treating; hold Treating library; hold Treating library interlibrary; renewal hold Treating; renewal hold Treating library; Treating library interlibrary; Treating library interlibrary loan,0.000000,ACTIVE,ACTIVE,asserts,asserts,YES,YES,entity_exact+entity_jaccard_lt_0.5
FBV2_0030,Interlibrary Loan Queue,"Map shipping label to request slip, then send library interlibrary loan case 2-14 to the same queue. The case remains visible until the owner confirms receipt.",METHOD,METHOD,library interlibrary loan case 2-14; request slip; shipping label,case remains visible; case remains visible until; interlibrary loan case; interlibrary loan case 2-14; library interlibrary loan; library interlibrary loan case; loan case 2-14; Map shipping label,0.000000,ACTIVE,ACTIVE,maps_to,maps_to,YES,YES,entity_exact+entity_jaccard_lt_0.5
FBV2_0031,Interlibrary Loan Queue,"A file can look complete when journal issue record is present, yet lending library notice may still be missing. That gap keeps library interlibrary loan case 2-15 from being final.",LIMITATION,LIMITATION,journal issue record; lending library notice; library interlibrary loan case 2-15,can look complete; file can look; file can look complete; gap keeps library; gap keeps library interlibrary; interlibrary loan case; interlibrary loan case 2-15; journal issue record,0.100000,NEGATED,NEGATED,limits,limits,YES,YES,entity_exact+entity_jaccard_lt_0.5
FBV2_0032,Interlibrary Loan Queue,A later audit should separate cases with renewal hold from cases with only scanner station. The comparison would show whether library interlibrary loan case 2-16 adds routing value.,NEXT_STEP,NEXT_STEP,library interlibrary loan case 2-16; renewal hold; scanner station,2-16 adds routing; 2-16 adds routing value; adds routing value; case 2-16 adds; case 2-16 adds routing; cases; comparison would show; comparison would show whether,0.000000,ACTIVE,ACTIVE,proposes_next_test,proposes_next_test,YES,YES,entity_exact+entity_jaccard_lt_0.5
FBV2_0033,Emergency Shelter Intake,A coordinator can trust intake form more when transport voucher matches the same timeline. That pairing keeps emergency shelter intake case 3-01 from becoming the sole signal.,CLAIM,CLAIM,emergency shelter intake case 3-01; intake form; transport voucher,can trust intake; can trust intake form; coordinator can trust; coordinator can trust intake; emergency shelter intake; emergency shelter intake case; intake case 3-01; intake form more,0.000000,ACTIVE,ACTIVE,asserts,asserts,YES,YES,entity_exact+entity_jaccard_lt_0.5
FBV2_0034,Emergency Shelter Intake,The office log pairs family room list with bed turnover sheet because emergency shelter intake case 3-02 often changes during the day. This record sets the working scene for the later decision.,BACKGROUND,BACKGROUND,bed turnover sheet; emergency shelter intake case 3-02; family room list,3-02 often changes; 3-02 often changes during; because emergency shelter; because emergency shelter intake; bed turnover sheet; day This record; day This record sets; This record sets,0.100000,DESCRIPTIVE,DESCRIPTIVE,sets_context,sets_context,MAYBE,MAYBE,entity_exact+entity_jaccard_lt_0.5
FBV2_0035,Emergency Shelter Intake,"Map pet accommodation note to caseworker callback, then send emergency shelter intake case 3-03 to the same queue. The case remains visible until the owner confirms receipt.",METHOD,METHOD,caseworker callback; emergency shelter intake case 3-03; pet accommodation note,case remains visible; case remains visible until; emergency shelter intake; emergency shelter intake case; intake case 3-03; Map pet; Map pet accommodation; Map pet accommodation note,0.000000,ACTIVE,ACTIVE,recommends,recommends,YES,YES,entity_exact+entity_jaccard_lt_0.5
FBV2_0036,Emergency Shelter Intake,The desk can sample twenty files where transport voucher and meal token drawer disagree. Reviewers would inspect whether emergency shelter intake case 3-04 helps choose the final lane.,NEXT_STEP,NEXT_STEP,emergency shelter intake case 3-04; meal token drawer; transport voucher,3-04 helps choose; disagree Reviewers would; disagree Reviewers would inspect; drawer disagree Reviewers; drawer disagree Reviewers would; Reviewers would inspect; Reviewers would inspect whether; token drawer disagree Reviewers,0.000000,ACTIVE,ACTIVE,proposes_next_test,proposes_next_test,YES,YES,entity_exact+entity_jaccard_lt_0.5
FBV2_0037,Emergency Shelter Intake,A later audit should separate cases with bed turnover sheet from cases with only quiet room request. The comparison would show whether emergency shelter intake case 3-05 adds routing value.,NEXT_STEP,NEXT_STEP,bed turnover sheet; emergency shelter intake case 3-05; quiet room request,3-05 adds routing; 3-05 adds routing value; adds routing value; bed turnover sheet; case 3-05 adds; case 3-05 adds routing; cases; comparison would show,0.100000,ACTIVE,ACTIVE,proposes_next_test,proposes_next_test,YES,YES,entity_exact+entity_jaccard_lt_0.5
FBV2_0038,Emergency Shelter Intake,Reviewers counted more timely handoffs when caseworker callback was checked before intake form. The audit trail pointed back to emergency shelter intake case 3-06 on the disputed cases.,RESULT,RESULT,caseworker callback; emergency shelter intake case 3-06; intake form,audit trail pointed; audit trail pointed back; callback was checked; caseworker callback was; caseworker callback was checked; counted more timely; Reviewers counted more; Reviewers counted more timely,0.000000,DESCRIPTIVE,DESCRIPTIVE,reports_usefulness,reports_usefulness,YES,YES,entity_exact+entity_jaccard_lt_0.5
FBV2_0040,Emergency Shelter Intake,quiet room request is the table entry that carries pet accommodation note and emergency shelter intake case 3-08 together. The coordinator treats the entry as one unit during handoff.,DEFINE,DEFINE,emergency shelter intake case 3-08; pet accommodation note; quiet room request,carries pet accommodation; carries pet accommodation note; case 3-08 together; emergency shelter intake; emergency shelter intake case; intake case 3-08; intake case 3-08 together; one unit during,0.000000,DESCRIPTIVE,DESCRIPTIVE,defines,defines,YES,YES,entity_exact+entity_jaccard_lt_0.5
FBV2_0041,Emergency Shelter Intake,A routine case shows intake form on the morning list and transport voucher in the afternoon packet. emergency shelter intake case 3-09 then explains why the owner changed the lane.,EXAMPLE,EXAMPLE,emergency shelter intake case 3-09; intake form; transport voucher,afternoon packet emergency; afternoon packet emergency shelter; case shows intake; case shows intake form; emergency shelter intake; emergency shelter intake case; intake case 3-09; packet emergency shelter,0.000000,DESCRIPTIVE,DESCRIPTIVE,gives_example,gives_example,YES,YES,entity_exact+entity_jaccard_lt_0.5
FBV2_0043,Emergency Shelter Intake,"One Tuesday file carries pet accommodation note, caseworker callback, and a late note about emergency shelter intake case 3-11. The desk uses that mix to show how a small mismatch changes routing.",EXAMPLE,EXAMPLE,caseworker callback; emergency shelter intake case 3-11; pet accommodation note,caseworker callback; emergency shelter intake case 3-11; late note; pet accommodation note; Tuesday file,0.600000,DESCRIPTIVE,DESCRIPTIVE,gives_example,gives_example,YES,YES,entity_exact
FBV2_0044,Emergency Shelter Intake,"A file can look complete when transport voucher is present, yet meal token drawer may still be missing. That gap keeps emergency shelter intake case 3-12 from being final.",LIMITATION,LIMITATION,emergency shelter intake case 3-12; meal token drawer; transport voucher,can look complete; drawer may still; emergency shelter intake; emergency shelter intake case; file can look; file can look complete; gap keeps emergency; gap keeps emergency shelter,0.000000,LIMITED,LIMITED,warns_about,warns_about,YES,YES,entity_exact+entity_jaccard_lt_0.5
FBV2_0045,Emergency Shelter Intake,A sample of closed files showed bed turnover sheet missing from several late cases. The same sample had quiet room request and emergency shelter intake case 3-13 in the files that moved cleanly.,RESULT,RESULT,bed turnover sheet; emergency shelter intake case 3-13; quiet room request,bed turnover sheet; bed turnover sheet missing; closed files showed; closed files showed bed; emergency shelter intake; emergency shelter intake case; files showed bed; files showed bed turnover,0.100000,DESCRIPTIVE,DESCRIPTIVE,supports_retrieval,supports_retrieval,YES,YES,entity_exact+entity_jaccard_lt_0.5
FBV2_0046,Emergency Shelter Intake,"Before the coordinator touches the queue, caseworker callback and intake form are checked against emergency shelter intake case 3-14. The detail marks the operational setting for the case.",BACKGROUND,BACKGROUND,caseworker callback; emergency shelter intake case 3-14; intake form,against emergency shelter; against emergency shelter intake; checked against emergency; checked against emergency shelter; emergency shelter intake; emergency shelter intake case; intake case 3-14; queue caseworker callback,0.000000,DESCRIPTIVE,DESCRIPTIVE,sets_context,sets_context,MAYBE,MAYBE,entity_exact+entity_jaccard_lt_0.5
FBV2_0047,Emergency Shelter Intake,Match meal token drawer to family room list before assigning emergency shelter intake case 3-15. The queue owner signs the file after the two entries line up.,METHOD,METHOD,emergency shelter intake case 3-15; family room list; meal token drawer,emergency shelter intake case; family room list; match meal token drawer; queue owner,0.166667,ACTIVE,ACTIVE,recommends,recommends,YES,YES,entity_exact+entity_jaccard_lt_0.5
FBV2_0048,Emergency Shelter Intake,quiet room request is the table entry that carries pet accommodation note and emergency shelter intake case 3-16 together. The coordinator treats the entry as one unit during handoff.,DEFINE,DEFINE,emergency shelter intake case 3-16; pet accommodation note; quiet room request,carries pet accommodation; carries pet accommodation note; case 3-16 together; emergency shelter intake; emergency shelter intake case; intake case 3-16; intake case 3-16 together; one unit during,0.000000,DESCRIPTIVE,DESCRIPTIVE,defines,defines,YES,YES,entity_exact+entity_jaccard_lt_0.5
FBV2_0049,Veterinary Surgery Roster,A sample handoff begins with anesthesia chart in place and surgeon availability board missing from the packet. veterinary surgery roster case 4-01 gives the reviewer the reason for keeping the file open.,EXAMPLE,EXAMPLE,anesthesia chart; surgeon availability board; veterinary surgery roster case 4-01,availability board missing; case 4-01 gives; packet veterinary surgery; packet veterinary surgery roster; roster case 4-01; roster case 4-01 gives; sample handoff begins; surgeon availability board,0.100000,DESCRIPTIVE,DESCRIPTIVE,gives_example,gives_example,YES,YES,entity_exact+entity_jaccard_lt_0.5
FBV2_0050,Veterinary Surgery Roster,kennel card does not settle the case when fasting confirmation points to a different queue. Staff keep veterinary surgery roster case 4-02 open until a person resolves the conflict.,LIMITATION,LIMITATION,fasting confirmation; kennel card; veterinary surgery roster case 4-02,4-02 open until; case 4-02 open; different queue Staff; different queue Staff keep; queue Staff keep; queue Staff keep veterinary; Staff keep veterinary; Staff keep veterinary surgery,0.000000,LIMITED,LIMITED,warns_about,warns_about,YES,YES,entity_exact+entity_jaccard_lt_0.5
FBV2_0051,Veterinary Surgery Roster,A desk sample showed sterile pack cart reducing search time when recovery bay was also attached. veterinary surgery roster case 4-03 was the field most often opened during review.,RESULT,RESULT,recovery bay; sterile pack cart; veterinary surgery roster case 4-03,also attached veterinary; also attached veterinary surgery; attached veterinary surgery; attached veterinary surgery roster; bay was also; bay was also attached; cart reducing search; cart reducing search time,0.000000,DESCRIPTIVE,DESCRIPTIVE,supports_retrieval,supports_retrieval,YES,YES,entity_exact+entity_jaccard_lt_0.5
FBV2_0052,Veterinary Surgery Roster,The safer choice comes from reading surgeon availability board beside lab panel printout. Treating veterinary surgery roster case 4-04 alone as decisive makes the handoff weaker.,CLAIM,CLAIM,lab panel printout; surgeon availability board; veterinary surgery roster case 4-04,availability board beside; lab panel printout Treating; panel printout Treating; panel printout Treating veterinary; printout Treating veterinary; printout Treating veterinary surgery; Treating veterinary surgery; Treating veterinary surgery roster,0.000000,NEGATED,NEGATED,asserts,asserts,YES,YES,entity_exact+entity_jaccard_lt_0.5
FBV2_0053,Veterinary Surgery Roster,"A clerk opens the folder with fasting confirmation, client consent form, and veterinary surgery roster case 4-05 on the same page. The entries orient the reader before any claim about priority appears.",BACKGROUND,BACKGROUND,client consent form; fasting confirmation; veterinary surgery roster case 4-05,about priority appears; any claim about; any claim about priority; claim about priority; claim about priority appears; client consent form; confirmation client consent; confirmation client consent form,0.100000,DESCRIPTIVE,DESCRIPTIVE,sets_context,sets_context,MAYBE,MAYBE,entity_exact+entity_jaccard_lt_0.5
FBV2_0054,Veterinary Surgery Roster,"Group recovery bay with cases that share anesthesia chart, then attach veterinary surgery roster case 4-06 before closure. The clerk records who accepted the handoff.",METHOD,METHOD,anesthesia chart; recovery bay; veterinary surgery roster case 4-06,anesthesia chart; closure; recovery bay; veterinary surgery roster,0.400000,ACTIVE,ACTIVE,recommends,recommends,YES,YES,entity_exact+entity_jaccard_lt_0.5
FBV2_0055,Veterinary Surgery Roster,"The office can hold out files containing lab panel printout, then compare them with cases built around kennel card. That review would test whether veterinary surgery roster case 4-07 moves earlier.",NEXT_STEP,NEXT_STEP,kennel card; lab panel printout; veterinary surgery roster case 4-07,4-07 moves earlier; around kennel card; built around kennel; built around kennel card; can hold out; can hold out files; case 4-07 moves; case 4-07 moves earlier,0.000000,ACTIVE,ACTIVE,proposes_next_test,proposes_next_test,YES,YES,entity_exact+entity_jaccard_lt_0.5
FBV2_0056,Veterinary Surgery Roster,"One closed case includes client consent form and sterile pack cart, but the desk later reopens it after reading veterinary surgery roster case 4-08. The file shows how a small detail changes the lane.",EXAMPLE,EXAMPLE,client consent form; sterile pack cart; veterinary surgery roster case 4-08,after reading veterinary; after reading veterinary surgery; case includes client; case includes client consent; client consent form; closed case includes; One closed case; One closed case includes,0.100000,DESCRIPTIVE,DESCRIPTIVE,gives_example,gives_example,YES,YES,entity_exact+entity_jaccard_lt_0.5
FBV2_0057,Veterinary Surgery Roster,The trial desk saw fewer repeated calls after anesthesia chart was paired with surgeon availability board. Staff later pulled veterinary surgery roster case 4-09 when checking why the change helped.,RESULT,RESULT,anesthesia chart; surgeon availability board; veterinary surgery roster case 4-09,after anesthesia chart; availability board Staff; availability board Staff later; board Staff later; board Staff later pulled; Staff later pulled; Staff later pulled veterinary; surgeon availability board Staff,0.000000,DESCRIPTIVE,DESCRIPTIVE,supports_retrieval,supports_retrieval,YES,YES,entity_exact+entity_jaccard_lt_0.5
FBV2_0058,Veterinary Surgery Roster,The office should reserve a blind sample of files containing kennel card. Reviewers can compare those files with fasting confirmation and score how veterinary surgery roster case 4-10 affected handoff.,NEXT_STEP,NEXT_STEP,fasting confirmation; kennel card; veterinary surgery roster case 4-10,4-10 affected handoff; card Reviewers can; card Reviewers can compare; containing kennel card Reviewers; kennel card Reviewers; kennel card Reviewers can; Reviewers can compare; Reviewers can compare those,0.000000,ACTIVE,ACTIVE,proposes_next_test,proposes_next_test,YES,YES,entity_exact+entity_jaccard_lt_0.5
FBV2_0059,Veterinary Surgery Roster,The desk can misread sterile pack cart when recovery bay arrives late. veterinary surgery roster case 4-11 stays provisional while the two records are reconciled.,LIMITATION,LIMITATION,recovery bay; sterile pack cart; veterinary surgery roster case 4-11,4-11 stays provisional; 4-11 stays provisional while; arrives late veterinary; arrives late veterinary surgery; bay arrives late; bay arrives late veterinary; can misread sterile; can misread sterile pack,0.000000,NEGATED,NEGATED,limits,limits,YES,YES,entity_exact+entity_jaccard_lt_0.5
FBV2_0060,Veterinary Surgery Roster,Match surgeon availability board to lab panel printout before assigning veterinary surgery roster case 4-12. The queue owner signs the file after the two entries line up.,METHOD,METHOD,lab panel printout; surgeon availability board; veterinary surgery roster case 4-12,assigning veterinary surgery; assigning veterinary surgery roster; entries line up; lab panel printout; Match surgeon; Match surgeon availability; Match surgeon availability board; queue owner signs,0.100000,ACTIVE,ACTIVE,recommends,recommends,YES,YES,entity_exact+entity_jaccard_lt_0.5
FBV2_0061,Veterinary Surgery Roster,"A clerk opens the folder with fasting confirmation, client consent form, and veterinary surgery roster case 4-13 on the same page. The entries orient the reader before any claim about priority appears.",BACKGROUND,BACKGROUND,client consent form; fasting confirmation; veterinary surgery roster case 4-13,about priority appears; any claim about; any claim about priority; claim about priority; claim about priority appears; client consent form; confirmation client consent; confirmation client consent form,0.100000,DESCRIPTIVE,DESCRIPTIVE,sets_context,sets_context,MAYBE,MAYBE,entity_exact+entity_jaccard_lt_0.5
FBV2_0062,Veterinary Surgery Roster,"Within the office, recovery bay is the working label for a case bundle containing anesthesia chart and veterinary surgery roster case 4-14. It is narrower than the whole daily queue.",DEFINE,DEFINE,anesthesia chart; recovery bay; veterinary surgery roster case 4-14,bundle containing anesthesia; bundle containing anesthesia chart; case bundle containing; case bundle containing anesthesia; containing anesthesia chart; office recovery bay; roster case 4-14; surgery roster case,0.000000,DESCRIPTIVE,DESCRIPTIVE,defines,defines,YES,YES,entity_exact+entity_jaccard_lt_0.5
FBV2_0063,Veterinary Surgery Roster,"The phrase lab panel printout points to the record where kennel card and veterinary surgery roster case 4-15 are stored together. Staff use it only for the routing object, not for the entire service.",DEFINE,DEFINE,kennel card; lab panel printout; veterinary surgery roster case 4-15,lab panel printout; lab panel printout points; panel printout points; phrase lab panel; phrase lab panel printout; roster case 4-15; stored together Staff; surgery roster case,0.100000,DESCRIPTIVE,DESCRIPTIVE,defines,defines,YES,YES,entity_exact+entity_jaccard_lt_0.5
FBV2_0064,Veterinary Surgery Roster,client consent form deserves priority only when sterile pack cart shows the same pressure. Otherwise veterinary surgery roster case 4-16 may exaggerate the urgency of the case.,CLAIM,CLAIM,client consent form; sterile pack cart; veterinary surgery roster case 4-16,case 4-16; client consent form; sterile pack cart; veterinary surgery roster,0.400000,NEGATED,NEGATED,asserts,asserts,YES,YES,entity_exact+entity_jaccard_lt_0.5
FBV2_0065,Ferry Terminal Loading,"During the pilot, lane marshal sheet matched the queue state more often than ramp inspection card. The team used ferry terminal loading case 5-01 to confirm the pattern.",RESULT,RESULT,ferry terminal loading case 5-01; lane marshal sheet; ramp inspection card,ferry terminal loading; ferry terminal loading case; lane marshal sheet; lane marshal sheet matched; loading case 5-01; marshal sheet matched; pilot lane marshal; pilot lane marshal sheet,0.100000,DESCRIPTIVE,DESCRIPTIVE,supports_retrieval,supports_retrieval,YES,YES,entity_exact+entity_jaccard_lt_0.5
FBV2_0066,Ferry Terminal Loading,vehicle height tag is the table entry that carries standby queue and ferry terminal loading case 5-02 together. The coordinator treats the entry as one unit during handoff.,DEFINE,DEFINE,ferry terminal loading case 5-02; standby queue; vehicle height tag,carries standby queue; case 5-02 together; ferry terminal loading; ferry terminal loading case; loading case 5-02; loading case 5-02 together; one unit during; one unit during handoff,0.000000,DESCRIPTIVE,DESCRIPTIVE,defines,defines,YES,YES,entity_exact+entity_jaccard_lt_0.5
FBV2_0067,Ferry Terminal Loading,tidal clearance note cannot carry the route by itself if deck balance sheet is blank. The desk leaves ferry terminal loading case 5-03 in review until another record confirms it.,LIMITATION,LIMITATION,deck balance sheet; ferry terminal loading case 5-03; tidal clearance note,deck balance sheet; route,0.250000,NEGATED,NEGATED,limits,limits,YES,YES,entity_exact+entity_jaccard_lt_0.5
FBV2_0068,Ferry Terminal Loading,"The phrase ramp inspection card points to the record where hazmat declaration and ferry terminal loading case 5-04 are stored together. Staff use it only for the routing object, not for the entire service.",DEFINE,DEFINE,ferry terminal loading case 5-04; hazmat declaration; ramp inspection card,ferry terminal loading; ferry terminal loading case; inspection card points; loading case 5-04; phrase ramp inspection; phrase ramp inspection card; ramp inspection card; stored together Staff,0.100000,DESCRIPTIVE,DESCRIPTIVE,defines,defines,YES,YES,entity_exact+entity_jaccard_lt_0.5
FBV2_0069,Ferry Terminal Loading,"standby queue is useful until boarding cut-off time changes after the first review. At that point, ferry terminal loading case 5-05 needs a second check before the route is trusted.",LIMITATION,LIMITATION,boarding cut-off time; ferry terminal loading case 5-05; standby queue,boarding cut-off time; boarding cut-off time changes; case 5-05 needs; cut-off time changes; cut-off time changes after; ferry terminal loading; ferry terminal loading case; loading case 5-05,0.100000,NEGATED,NEGATED,limits,limits,YES,YES,entity_exact+entity_jaccard_lt_0.5
FBV2_0071,Ferry Terminal Loading,Pairing hazmat declaration with vehicle height tag gives the coordinator a sturdier basis for judging ferry terminal loading case 5-07. A case routed from only one of those records is easier to misplace.,CLAIM,CLAIM,ferry terminal loading case 5-07; hazmat declaration; vehicle height tag,ferry terminal loading; ferry terminal loading case; height tag gives; judging ferry terminal; judging ferry terminal loading; loading case 5-07; Pairing hazmat; Pairing hazmat declaration,0.000000,ACTIVE,ACTIVE,asserts,asserts,YES,YES,entity_exact+entity_jaccard_lt_0.5
FBV2_0072,Ferry Terminal Loading,"One closed case includes boarding cut-off time and tidal clearance note, but the desk later reopens it after reading ferry terminal loading case 5-08. The file shows how a small detail changes the lane.",EXAMPLE,EXAMPLE,boarding cut-off time; ferry terminal loading case 5-08; tidal clearance note,after reading ferry; after reading ferry terminal; boarding cut-off time; case includes boarding; case includes boarding cut-off; clearance note but; One closed case; One closed case includes,0.100000,DESCRIPTIVE,DESCRIPTIVE,gives_example,gives_example,YES,YES,entity_exact+entity_jaccard_lt_0.5
FBV2_0073,Ferry Terminal Loading,lane marshal sheet sits beside ramp inspection card at the opening desk while ferry terminal loading case 5-09 waits for review. Staff read the packet to understand the day before any routing choice moves.,BACKGROUND,BACKGROUND,ferry terminal loading case 5-09; lane marshal sheet; ramp inspection card,any routing choice; any routing choice moves; beside ramp inspection; beside ramp inspection card; case 5-09 waits; desk while ferry; desk while ferry terminal; review Staff read,0.000000,DESCRIPTIVE,DESCRIPTIVE,sets_context,sets_context,NO,NO,entity_exact+entity_jaccard_lt_0.5
FBV2_0074,Ferry Terminal Loading,"A clerk opens the folder with vehicle height tag, standby queue, and ferry terminal loading case 5-10 on the same page. The entries orient the reader before any claim about priority appears.",BACKGROUND,BACKGROUND,ferry terminal loading case 5-10; standby queue; vehicle height tag,about priority appears; any claim about; any claim about priority; claim about priority; claim about priority appears; ferry terminal loading; ferry terminal loading case; height tag standby,0.000000,DESCRIPTIVE,DESCRIPTIVE,sets_context,sets_context,MAYBE,MAYBE,entity_exact+entity_jaccard_lt_0.5
FBV2_0075,Ferry Terminal Loading,"Group tidal clearance note with cases that share deck balance sheet, then attach ferry terminal loading case 5-11 before closure. The clerk records who accepted the handoff.",METHOD,METHOD,deck balance sheet; ferry terminal loading case 5-11; tidal clearance note,attach ferry terminal; attach ferry terminal loading; clerk records who; clerk records who accepted; deck balance sheet; ferry terminal loading; Group tidal clearance; Group tidal clearance note,0.100000,ACTIVE,ACTIVE,maps_to,maps_to,YES,YES,entity_exact+entity_jaccard_lt_0.5
FBV2_0076,Ferry Terminal Loading,"The office can hold out files containing ramp inspection card, then compare them with cases built around hazmat declaration. That review would test whether ferry terminal loading case 5-12 moves earlier.",NEXT_STEP,NEXT_STEP,ferry terminal loading case 5-12; hazmat declaration; ramp inspection card,5-12 moves earlier; around hazmat declaration; built around hazmat; built around hazmat declaration; can hold out; can hold out files; case 5-12 moves; case 5-12 moves earlier,0.000000,ACTIVE,ACTIVE,proposes_next_test,proposes_next_test,YES,YES,entity_exact+entity_jaccard_lt_0.5
FBV2_0077,Ferry Terminal Loading,"One closed case includes standby queue and boarding cut-off time, but the desk later reopens it after reading ferry terminal loading case 5-13. The file shows how a small detail changes the lane.",EXAMPLE,EXAMPLE,boarding cut-off time; ferry terminal loading case 5-13; standby queue,after reading ferry; after reading ferry terminal; boarding cut-off time; boarding cut-off time but; case includes standby; case includes standby queue; One closed case; One closed case includes,0.100000,DESCRIPTIVE,DESCRIPTIVE,gives_example,gives_example,YES,YES,entity_exact+entity_jaccard_lt_0.5
FBV2_0078,Ferry Terminal Loading,"First compare deck balance sheet with lane marshal sheet, then place ferry terminal loading case 5-14 in the matching queue. If the two records disagree, hold the case for desk review.",METHOD,METHOD,deck balance sheet; ferry terminal loading case 5-14; lane marshal sheet,compare deck balance; compare deck balance sheet; deck balance sheet; ferry terminal loading; ferry terminal loading case; First compare; First compare deck; First compare deck balance,0.100000,ACTIVE,ACTIVE,maps_to,maps_to,YES,YES,entity_exact+entity_jaccard_lt_0.5
FBV2_0079,Ferry Terminal Loading,The closeout review placed hazmat declaration in the files that needed fewer callbacks. vehicle height tag and ferry terminal loading case 5-15 explained most of the remaining delays.,RESULT,RESULT,ferry terminal loading case 5-15; hazmat declaration; vehicle height tag,5-15 explained most; callbacks vehicle height; callbacks vehicle height tag; case 5-15 explained; case 5-15 explained most; closeout review placed; closeout review placed hazmat; ferry terminal loading,0.000000,DESCRIPTIVE,DESCRIPTIVE,supports_retrieval,supports_retrieval,YES,YES,entity_exact+entity_jaccard_lt_0.5
FBV2_0080,Ferry Terminal Loading,The team can run a two-week check on boarding cut-off time and record how often tidal clearance note changes the decision. ferry terminal loading case 5-16 should be logged before and after the desk action.,NEXT_STEP,NEXT_STEP,boarding cut-off time; ferry terminal loading case 5-16; tidal clearance note,boarding cut-off time; clearance note changes; decision ferry terminal; decision ferry terminal loading; ferry terminal loading; ferry terminal loading case; how often tidal; how often tidal clearance,0.100000,ACTIVE,ACTIVE,proposes_next_test,proposes_next_test,YES,YES,entity_exact+entity_jaccard_lt_0.5
FBV2_0081,Pharmacy Compounding Queue,A clerk might see hood cleaning log already attached but ingredient lot card still waiting in the tray. The case tied to pharmacy compounding queue case 6-01 stays out of the closed column.,EXAMPLE,EXAMPLE,hood cleaning log; ingredient lot card; pharmacy compounding queue case 6-01,6-01 stays out; already attached but; already attached but ingredient; attached but ingredient; attached but ingredient lot; but ingredient lot; but ingredient lot card; card still waiting,0.000000,DESCRIPTIVE,DESCRIPTIVE,gives_example,gives_example,YES,YES,entity_exact+entity_jaccard_lt_0.5
FBV2_0082,Pharmacy Compounding Queue,"One closed case includes batch worksheet and beyond-use time, but the desk later reopens it after reading pharmacy compounding queue case 6-02. The file shows how a small detail changes the lane.",EXAMPLE,EXAMPLE,batch worksheet; beyond-use time; pharmacy compounding queue case 6-02,after reading pharmacy; after reading pharmacy compounding; beyond-use time but; case includes batch; case includes batch worksheet; closed case includes; One closed case; One closed case includes,0.000000,DESCRIPTIVE,DESCRIPTIVE,gives_example,gives_example,YES,YES,entity_exact+entity_jaccard_lt_0.5
FBV2_0083,Pharmacy Compounding Queue,"First compare dose label with pharmacist check tray, then place pharmacy compounding queue case 6-03 in the matching queue. If the two records disagree, hold the case for desk review.",METHOD,METHOD,dose label; pharmacist check tray; pharmacy compounding queue case 6-03,compare dose label; compounding queue case; compounding queue case 6-03; First compare; First compare dose; First compare dose label; pharmacist check tray; pharmacy compounding queue,0.100000,ACTIVE,ACTIVE,recommends,recommends,YES,YES,entity_exact+entity_jaccard_lt_0.5
FBV2_0084,Pharmacy Compounding Queue,"The morning sheet lists ingredient lot card and delivery tote, then places pharmacy compounding queue case 6-04 in the pending column. The passage supplies local context rather than a directive.",BACKGROUND,BACKGROUND,delivery tote; ingredient lot card; pharmacy compounding queue case 6-04,compounding queue case; compounding queue case 6-04; ingredient lot card; lists ingredient lot; lists ingredient lot card; morning sheet lists; morning sheet lists ingredient; passage supplies local,0.100000,DESCRIPTIVE,DESCRIPTIVE,sets_context,sets_context,MAYBE,MAYBE,entity_exact+entity_jaccard_lt_0.5
FBV2_0085,Pharmacy Compounding Queue,"beyond-use time carries more routing weight when quarantine bin confirms the same case detail. Without that pairing, pharmacy compounding queue case 6-05 can pull attention away from the real priority.",CLAIM,CLAIM,beyond-use time; pharmacy compounding queue case 6-05; quarantine bin,6-05 can pull; 6-05 can pull attention; beyond-use time carries; beyond-use time carries more; can pull attention; can pull attention away; carries more routing; carries more routing weight,0.000000,ACTIVE,ACTIVE,asserts,asserts,YES,YES,entity_exact+entity_jaccard_lt_0.5
FBV2_0086,Pharmacy Compounding Queue,pharmacist check tray loses value when hood cleaning log is copied from an older shift. The case tied to pharmacy compounding queue case 6-06 needs review before it moves.,LIMITATION,LIMITATION,hood cleaning log; pharmacist check tray; pharmacy compounding queue case 6-06,6-06 needs review; case 6-06 needs; case 6-06 needs review; check tray loses; check tray loses value; compounding queue case; compounding queue case 6-06; hood cleaning log,0.100000,LIMITED,LIMITED,warns_about,warns_about,YES,YES,entity_exact+entity_jaccard_lt_0.5
FBV2_0087,Pharmacy Compounding Queue,The office should reserve a blind sample of files containing delivery tote. Reviewers can compare those files with batch worksheet and score how pharmacy compounding queue case 6-07 affected handoff.,NEXT_STEP,NEXT_STEP,batch worksheet; delivery tote; pharmacy compounding queue case 6-07,6-07 affected handoff; containing delivery tote Reviewers; delivery tote Reviewers; delivery tote Reviewers can; Reviewers can compare; Reviewers can compare those; tote Reviewers can; tote Reviewers can compare,0.000000,ACTIVE,ACTIVE,proposes_next_test,proposes_next_test,YES,YES,entity_exact+entity_jaccard_lt_0.5
FBV2_0088,Pharmacy Compounding Queue,The trial desk saw fewer repeated calls after quarantine bin was paired with dose label. Staff later pulled pharmacy compounding queue case 6-08 when checking why the change helped.,RESULT,RESULT,dose label; pharmacy compounding queue case 6-08; quarantine bin,after quarantine bin; after quarantine bin was; dose label Staff; dose label Staff later; label Staff later; label Staff later pulled; Staff later pulled; Staff later pulled pharmacy,0.000000,DESCRIPTIVE,DESCRIPTIVE,reports_usefulness,reports_usefulness,YES,YES,entity_exact+entity_jaccard_lt_0.5
FBV2_0089,Pharmacy Compounding Queue,Pairing hood cleaning log with ingredient lot card gives the coordinator a sturdier basis for judging pharmacy compounding queue case 6-09. A case routed from only one of those records is easier to misplace.,CLAIM,CLAIM,hood cleaning log; ingredient lot card; pharmacy compounding queue case 6-09,compounding queue case; compounding queue case 6-09; hood cleaning log; ingredient lot card; ingredient lot card gives; judging pharmacy compounding; Pairing hood cleaning; Pairing hood cleaning log,0.222222,ACTIVE,ACTIVE,asserts,asserts,YES,YES,entity_exact+entity_jaccard_lt_0.5
FBV2_0090,Pharmacy Compounding Queue,"batch worksheet names the desk artifact that joins beyond-use time with pharmacy compounding queue case 6-10. Once the artifact is opened, both entries travel through the queue as a pair.",DEFINE,DEFINE,batch worksheet; beyond-use time; pharmacy compounding queue case 6-10,6-10 Once; batch worksheet names; both entries travel; both entries travel through; case 6-10 Once; compounding queue case; compounding queue case 6-10; queue case 6-10 Once,0.000000,DESCRIPTIVE,DESCRIPTIVE,defines,defines,YES,YES,entity_exact+entity_jaccard_lt_0.5
FBV2_0091,Pharmacy Compounding Queue,"During the pilot, dose label matched the queue state more often than pharmacist check tray. The team used pharmacy compounding queue case 6-11 to confirm the pattern.",RESULT,RESULT,dose label; pharmacist check tray; pharmacy compounding queue case 6-11,compounding queue case; compounding queue case 6-11; dose label matched; pharmacist check tray; pharmacy compounding queue; pharmacy compounding queue case; pilot dose label; pilot dose label matched,0.100000,DESCRIPTIVE,DESCRIPTIVE,supports_retrieval,supports_retrieval,YES,YES,entity_exact+entity_jaccard_lt_0.5
FBV2_0092,Pharmacy Compounding Queue,"The morning sheet lists ingredient lot card and delivery tote, then places pharmacy compounding queue case 6-12 in the pending column. The passage supplies local context rather than a directive.",BACKGROUND,BACKGROUND,delivery tote; ingredient lot card; pharmacy compounding queue case 6-12,compounding queue case; compounding queue case 6-12; ingredient lot card; lists ingredient lot; lists ingredient lot card; morning sheet lists; morning sheet lists ingredient; passage supplies local,0.100000,DESCRIPTIVE,DESCRIPTIVE,sets_context,sets_context,NO,NO,entity_exact+entity_jaccard_lt_0.5
FBV2_0093,Pharmacy Compounding Queue,beyond-use time cannot carry the route by itself if quarantine bin is blank. The desk leaves pharmacy compounding queue case 6-13 in review until another record confirms it.,LIMITATION,LIMITATION,beyond-use time; pharmacy compounding queue case 6-13; quarantine bin,pharmacy compounding queue case 6-13; quarantine bin,0.666667,NEGATED,NEGATED,limits,limits,YES,YES,entity_exact
FBV2_0094,Pharmacy Compounding Queue,A follow-up table should pair pharmacist check tray with the owner who handled hood cleaning log. That table would show whether pharmacy compounding queue case 6-14 belongs earlier in the queue.,NEXT_STEP,NEXT_STEP,hood cleaning log; pharmacist check tray; pharmacy compounding queue case 6-14,6-14 belongs earlier; case 6-14 belongs; case 6-14 belongs earlier; compounding queue case; compounding queue case 6-14; handled hood cleaning; handled hood cleaning log; hood cleaning log,0.100000,ACTIVE,ACTIVE,proposes_next_test,proposes_next_test,YES,YES,entity_exact+entity_jaccard_lt_0.5
FBV2_0095,Pharmacy Compounding Queue,"Read delivery tote, verify batch worksheet, and route pharmacy compounding queue case 6-15 through the lane already assigned to that case. Any mismatch stays in review.",METHOD,METHOD,batch worksheet; delivery tote; pharmacy compounding queue case 6-15,Any mismatch; Any mismatch stays; case 6-15 through; case Any; case Any mismatch; case Any mismatch stays; Read delivery tote; Read delivery tote verify,0.000000,ACTIVE,ACTIVE,recommends,recommends,YES,YES,entity_exact+entity_jaccard_lt_0.5
FBV2_0096,Pharmacy Compounding Queue,The team calls quarantine bin the visible case item built from dose label plus pharmacy compounding queue case 6-16. That item is what later notes attach to.,DEFINE,DEFINE,dose label; pharmacy compounding queue case 6-16; quarantine bin,calls quarantine bin; case item built; compounding queue case; compounding queue case 6-16; dose label plus; dose label plus pharmacy; label plus pharmacy; label plus pharmacy compounding,0.000000,DESCRIPTIVE,DESCRIPTIVE,defines,defines,YES,YES,entity_exact+entity_jaccard_lt_0.5
FBV2_0097,Fire Hydrant Inspection Rounds,hydrant bonnet tag does not settle the case when street repair notice points to a different queue. Staff keep fire hydrant inspection case 7-01 open until a person resolves the conflict.,LIMITATION,LIMITATION,fire hydrant inspection case 7-01; hydrant bonnet tag; street repair notice,7-01 open until; bonnet tag does; different queue Staff; different queue Staff keep; queue Staff keep; queue Staff keep fire; Staff keep fire; Staff keep fire hydrant,0.000000,NEGATED,NEGATED,limits,limits,YES,YES,entity_exact+entity_jaccard_lt_0.5
FBV2_0098,Fire Hydrant Inspection Rounds,"Check flow pressure reading, copy the active line from crew tablet entry, and mark fire hydrant inspection case 7-02 only after the coordinator accepts the pair. The desk then releases the case.",METHOD,METHOD,crew tablet entry; fire hydrant inspection case 7-02; flow pressure reading,7-02 only after; case 7-02 only; case 7-02 only after; Check flow; Check flow pressure; Check flow pressure reading; crew tablet entry; fire hydrant inspection,0.100000,ACTIVE,ACTIVE,maps_to,maps_to,YES,YES,entity_exact+entity_jaccard_lt_0.5
FBV2_0099,Fire Hydrant Inspection Rounds,valve cap photo loses value when district map page is copied from an older shift. The case tied to fire hydrant inspection case 7-03 needs review before it moves.,LIMITATION,LIMITATION,district map page; fire hydrant inspection case 7-03; valve cap photo,7-03 needs review; cap photo loses; cap photo loses value; case 7-03 needs; case 7-03 needs review; district map page; fire hydrant inspection; fire hydrant inspection case,0.100000,NEGATED,NEGATED,limits,limits,YES,YES,entity_exact+entity_jaccard_lt_0.5
FBV2_0100,Fire Hydrant Inspection Rounds,street repair notice is the table entry that carries paint mark and fire hydrant inspection case 7-04 together. The coordinator treats the entry as one unit during handoff.,DEFINE,DEFINE,fire hydrant inspection case 7-04; paint mark; street repair notice,carries paint mark; case 7-04 together; fire hydrant inspection; fire hydrant inspection case; hydrant inspection case; hydrant inspection case 7-04; inspection case 7-04; inspection case 7-04 together,0.000000,DESCRIPTIVE,DESCRIPTIVE,defines,defines,YES,YES,entity_exact+entity_jaccard_lt_0.5
FBV2_0101,Fire Hydrant Inspection Rounds,fire hydrant inspection case 7-05 arrives with crew tablet entry attached and repair ticket still unsigned. The desk keeps both items visible so the surrounding situation is clear.,BACKGROUND,BACKGROUND,crew tablet entry; fire hydrant inspection case 7-05; repair ticket,crew tablet; fire hydrant inspection case; repair ticket,0.200000,DESCRIPTIVE,DESCRIPTIVE,sets_context,sets_context,MAYBE,MAYBE,entity_exact+entity_jaccard_lt_0.5
FBV2_0103,Fire Hydrant Inspection Rounds,"One closed case includes paint mark and flow pressure reading, but the desk later reopens it after reading fire hydrant inspection case 7-07. The file shows how a small detail changes the lane.",EXAMPLE,EXAMPLE,fire hydrant inspection case 7-07; flow pressure reading; paint mark,after reading fire; after reading fire hydrant; case includes paint; case includes paint mark; closed case includes; closed case includes paint; One closed case; One closed case includes,0.000000,DESCRIPTIVE,DESCRIPTIVE,gives_example,gives_example,YES,YES,entity_exact+entity_jaccard_lt_0.5
FBV2_0104,Fire Hydrant Inspection Rounds,The queue is easier to defend when repair ticket anchors the file and valve cap photo narrows it. A route based on fire hydrant inspection case 7-08 alone is less stable.,CLAIM,CLAIM,fire hydrant inspection case 7-08; repair ticket; valve cap photo,file; fire hydrant inspection case 7-08; repair ticket anchors; valve cap photo,0.400000,NEGATED,NEGATED,asserts,asserts,YES,YES,entity_exact+entity_jaccard_lt_0.5
FBV2_0105,Fire Hydrant Inspection Rounds,"At shift handover, hydrant bonnet tag and street repair notice frame the queue that includes fire hydrant inspection case 7-09. The note gives the coordinator enough scene detail to place later entries.",BACKGROUND,BACKGROUND,fire hydrant inspection case 7-09; hydrant bonnet tag; street repair notice,coordinator enough scene; coordinator enough scene detail; enough scene detail; fire hydrant inspection; fire hydrant inspection case; handover hydrant bonnet; handover hydrant bonnet tag; hydrant bonnet tag,0.100000,DESCRIPTIVE,DESCRIPTIVE,sets_context,sets_context,NO,NO,entity_exact+entity_jaccard_lt_0.5
FBV2_0106,Fire Hydrant Inspection Rounds,A later sample should compare flow pressure reading with desk decisions made after crew tablet entry. The check would show whether fire hydrant inspection case 7-10 changes the queue or only documents it.,NEXT_STEP,NEXT_STEP,crew tablet entry; fire hydrant inspection case 7-10; flow pressure reading,after crew tablet; after crew tablet entry; case 7-10 changes; check would show; check would show whether; compare flow pressure; compare flow pressure reading; crew tablet entry,0.100000,ACTIVE,ACTIVE,proposes_next_test,proposes_next_test,YES,YES,entity_exact+entity_jaccard_lt_0.5
FBV2_0107,Fire Hydrant Inspection Rounds,The safer choice comes from reading valve cap photo beside district map page. Treating fire hydrant inspection case 7-11 alone as decisive makes the handoff weaker.,CLAIM,CLAIM,district map page; fire hydrant inspection case 7-11; valve cap photo,district map; fire hydrant inspection case; valve cap,0.000000,ACTIVE,ACTIVE,asserts,asserts,YES,YES,entity_exact+entity_jaccard_lt_0.5
FBV2_0108,Fire Hydrant Inspection Rounds,The closeout review placed street repair notice in the files that needed fewer callbacks. paint mark and fire hydrant inspection case 7-12 explained most of the remaining delays.,RESULT,RESULT,fire hydrant inspection case 7-12; paint mark; street repair notice,7-12 explained most; callbacks paint mark; case 7-12 explained; case 7-12 explained most; closeout review placed; closeout review placed street; fewer callbacks paint; fewer callbacks paint mark,0.000000,DESCRIPTIVE,DESCRIPTIVE,reports_usefulness,reports_usefulness,YES,YES,entity_exact+entity_jaccard_lt_0.5
FBV2_0109,Fire Hydrant Inspection Rounds,"Group crew tablet entry with cases that share repair ticket, then attach fire hydrant inspection case 7-13 before closure. The clerk records who accepted the handoff.",METHOD,METHOD,crew tablet entry; fire hydrant inspection case 7-13; repair ticket,attach fire hydrant; attach fire hydrant inspection; clerk records who; clerk records who accepted; crew tablet entry; fire hydrant inspection; Group crew tablet; Group crew tablet entry,0.100000,ACTIVE,ACTIVE,requires,requires,YES,YES,entity_exact+entity_jaccard_lt_0.5
FBV2_0110,Fire Hydrant Inspection Rounds,"The phrase district map page points to the record where hydrant bonnet tag and fire hydrant inspection case 7-14 are stored together. Staff use it only for the routing object, not for the entire service.",DEFINE,DEFINE,district map page; fire hydrant inspection case 7-14; hydrant bonnet tag,district map page; fire hydrant inspection case 7-14; hydrant bonnet tag; routing object,0.750000,DESCRIPTIVE,DESCRIPTIVE,defines,defines,YES,YES,entity_exact
FBV2_0111,Fire Hydrant Inspection Rounds,"One closed case includes paint mark and flow pressure reading, but the desk later reopens it after reading fire hydrant inspection case 7-15. The file shows how a small detail changes the lane.",EXAMPLE,EXAMPLE,fire hydrant inspection case 7-15; flow pressure reading; paint mark,after reading fire; after reading fire hydrant; case includes paint; case includes paint mark; closed case includes; closed case includes paint; One closed case; One closed case includes,0.000000,DESCRIPTIVE,DESCRIPTIVE,gives_example,gives_example,YES,YES,entity_exact+entity_jaccard_lt_0.5
FBV2_0112,Fire Hydrant Inspection Rounds,"During the pilot, repair ticket matched the queue state more often than valve cap photo. The team used fire hydrant inspection case 7-16 to confirm the pattern.",RESULT,RESULT,fire hydrant inspection case 7-16; repair ticket; valve cap photo,fire hydrant inspection; fire hydrant inspection case; hydrant inspection case; hydrant inspection case 7-16; inspection case 7-16; pilot repair ticket; pilot repair ticket matched; queue state more,0.000000,DESCRIPTIVE,DESCRIPTIVE,reports_usefulness,reports_usefulness,YES,YES,entity_exact+entity_jaccard_lt_0.5
FBV2_0113,Hotel Room Turnover Desk,hotel room turnover case 8-01 should not override linen cart count unless guest arrival window also supports the change. The stronger route comes from the combined case record.,CLAIM,CLAIM,guest arrival window; hotel room turnover case 8-01; linen cart count,arrival window also; arrival window also supports; cart count unless; cart count unless guest; combined case record; count unless guest; count unless guest arrival; guest arrival window,0.100000,ACTIVE,ACTIVE,asserts,asserts,YES,YES,entity_exact+entity_jaccard_lt_0.5
FBV2_0114,Hotel Room Turnover Desk,A later sample should compare room status board with desk decisions made after minibar seal. The check would show whether hotel room turnover case 8-02 changes the queue or only documents it.,NEXT_STEP,NEXT_STEP,hotel room turnover case 8-02; minibar seal; room status board,after minibar seal; case 8-02 changes; check would show; check would show whether; compare room status; compare room status board; decisions made after; decisions made after minibar,0.000000,ACTIVE,ACTIVE,proposes_next_test,proposes_next_test,YES,YES,entity_exact+entity_jaccard_lt_0.5
FBV2_0115,Hotel Room Turnover Desk,"maintenance knock list can lag behind the desk conversation, so housekeeper assignment may show a fresher view of hotel room turnover case 8-03. The coordinator cannot close the file from that record alone.",LIMITATION,LIMITATION,hotel room turnover case 8-03; housekeeper assignment; maintenance knock list,assignment may show; can lag behind; coordinator cannot close; hotel room turnover; hotel room turnover case; housekeeper assignment may; housekeeper assignment may show; knock list can,0.000000,NEGATED,NEGATED,limits,limits,YES,YES,entity_exact+entity_jaccard_lt_0.5
FBV2_0116,Hotel Room Turnover Desk,"Map guest arrival window to inspection note, then send hotel room turnover case 8-04 to the same queue. The case remains visible until the owner confirms receipt.",METHOD,METHOD,guest arrival window; hotel room turnover case 8-04; inspection note,case remains visible; case remains visible until; guest arrival window; hotel room turnover; hotel room turnover case; Map guest; Map guest arrival; Map guest arrival window,0.100000,ACTIVE,ACTIVE,requires,requires,YES,YES,entity_exact+entity_jaccard_lt_0.5
FBV2_0117,Hotel Room Turnover Desk,The desk gains a clearer queue when minibar seal and lost property bag travel together. Separating them leaves hotel room turnover case 8-05 too much room to steer the decision.,CLAIM,CLAIM,hotel room turnover case 8-05; lost property bag; minibar seal,8-05 too much; bag travel together Separating; Separating them leaves; Separating them leaves hotel; together Separating them; together Separating them leaves; travel together Separating; travel together Separating them,0.000000,ACTIVE,ACTIVE,asserts,asserts,YES,YES,entity_exact+entity_jaccard_lt_0.5
FBV2_0118,Hotel Room Turnover Desk,A caller asks about housekeeper assignment while the desk is still waiting for linen cart count. The coordinator checks hotel room turnover case 8-06 before assigning the next owner.,EXAMPLE,EXAMPLE,hotel room turnover case 8-06; housekeeper assignment; linen cart count,about housekeeper assignment; about housekeeper assignment while; asks about housekeeper; asks about housekeeper assignment; caller asks about; caller asks about housekeeper; checks hotel room; checks hotel room turnover,0.000000,DESCRIPTIVE,DESCRIPTIVE,gives_example,gives_example,YES,YES,entity_exact+entity_jaccard_lt_0.5
FBV2_0119,Hotel Room Turnover Desk,A later sample should compare inspection note with desk decisions made after room status board. The check would show whether hotel room turnover case 8-07 changes the queue or only documents it.,NEXT_STEP,NEXT_STEP,hotel room turnover case 8-07; inspection note; room status board,after room status; after room status board; case 8-07 changes; check would show; check would show whether; compare inspection note; decisions made after; decisions made after room,0.000000,ACTIVE,ACTIVE,proposes_next_test,proposes_next_test,YES,YES,entity_exact+entity_jaccard_lt_0.5
FBV2_0120,Hotel Room Turnover Desk,The month-end count showed lost property bag in the cases that moved before noon. Files without maintenance knock list leaned more heavily on hotel room turnover case 8-08.,RESULT,RESULT,hotel room turnover case 8-08; lost property bag; maintenance knock list,count showed lost; count showed lost property; hotel room turnover; hotel room turnover case; knock list leaned; knock list leaned more; leaned more heavily; list leaned more,0.000000,DESCRIPTIVE,DESCRIPTIVE,reports_usefulness,reports_usefulness,YES,YES,entity_exact+entity_jaccard_lt_0.5
FBV2_0121,Hotel Room Turnover Desk,"A clerk opens the folder with linen cart count, guest arrival window, and hotel room turnover case 8-09 on the same page. The entries orient the reader before any claim about priority appears.",BACKGROUND,BACKGROUND,guest arrival window; hotel room turnover case 8-09; linen cart count,about priority appears; any claim about; any claim about priority; cart count guest; cart count guest arrival; claim about priority; claim about priority appears; count guest arrival,0.000000,DESCRIPTIVE,DESCRIPTIVE,sets_context,sets_context,NO,NO,entity_exact+entity_jaccard_lt_0.5
FBV2_0122,Hotel Room Turnover Desk,The team calls room status board the visible case item built from minibar seal plus hotel room turnover case 8-10. That item is what later notes attach to.,DEFINE,DEFINE,hotel room turnover case 8-10; minibar seal; room status board,calls room status; calls room status board; case item built; hotel room turnover; hotel room turnover case; later notes attach; minibar seal plus; minibar seal plus hotel,0.000000,DESCRIPTIVE,DESCRIPTIVE,defines,defines,YES,YES,entity_exact+entity_jaccard_lt_0.5
FBV2_0123,Hotel Room Turnover Desk,"The phrase maintenance knock list points to the record where housekeeper assignment and hotel room turnover case 8-11 are stored together. Staff use it only for the routing object, not for the entire service.",DEFINE,DEFINE,hotel room turnover case 8-11; housekeeper assignment; maintenance knock list,hotel room turnover; hotel room turnover case; knock list points; maintenance knock list; maintenance knock list points; phrase maintenance knock; phrase maintenance knock list; stored together Staff,0.100000,DESCRIPTIVE,DESCRIPTIVE,defines,defines,YES,YES,entity_exact+entity_jaccard_lt_0.5
FBV2_0124,Hotel Room Turnover Desk,"In the weekly review, guest arrival window appeared in most reopened cases while inspection note was usually present in clean handoffs. Reviewers used hotel room turnover case 8-12 to trace the difference.",RESULT,RESULT,guest arrival window; hotel room turnover case 8-12; inspection note,arrival window appeared; cases while inspection; clean handoffs Reviewers; clean handoffs Reviewers used; handoffs Reviewers used; handoffs Reviewers used hotel; Reviewers used hotel; Reviewers used hotel room,0.000000,DESCRIPTIVE,DESCRIPTIVE,reports_usefulness,reports_usefulness,YES,YES,entity_exact+entity_jaccard_lt_0.5
FBV2_0125,Hotel Room Turnover Desk,A late-day entry has minibar seal in the queue and lost property bag on a separate sheet. The coordinator links both to hotel room turnover case 8-13 before moving the case.,EXAMPLE,EXAMPLE,hotel room turnover case 8-13; lost property bag; minibar seal,case; coordinator links both; hotel room turnover; hotel room turnover case; lost property bag; room turnover case; room turnover case 8-13; turnover case 8-13,0.100000,DESCRIPTIVE,DESCRIPTIVE,gives_example,gives_example,YES,YES,entity_exact+entity_jaccard_lt_0.5
FBV2_0126,Hotel Room Turnover Desk,"At shift handover, housekeeper assignment and linen cart count frame the queue that includes hotel room turnover case 8-14. The note gives the coordinator enough scene detail to place later entries.",BACKGROUND,BACKGROUND,hotel room turnover case 8-14; housekeeper assignment; linen cart count,cart count frame; coordinator enough scene; coordinator enough scene detail; enough scene detail; handover housekeeper assignment; hotel room turnover; hotel room turnover case; includes hotel room,0.000000,DESCRIPTIVE,DESCRIPTIVE,sets_context,sets_context,MAYBE,MAYBE,entity_exact+entity_jaccard_lt_0.5
FBV2_0127,Hotel Room Turnover Desk,inspection note cannot carry the route by itself if room status board is blank. The desk leaves hotel room turnover case 8-15 in review until another record confirms it.,LIMITATION,LIMITATION,hotel room turnover case 8-15; inspection note; room status board,hotel room turnover case; room status board,0.250000,NEGATED,NEGATED,limits,limits,YES,YES,entity_exact+entity_jaccard_lt_0.5
FBV2_0128,Hotel Room Turnover Desk,Match lost property bag to maintenance knock list before assigning hotel room turnover case 8-16. The queue owner signs the file after the two entries line up.,METHOD,METHOD,hotel room turnover case 8-16; lost property bag; maintenance knock list,assigning hotel room; assigning hotel room turnover; entries line up; hotel room turnover; hotel room turnover case; lost property bag; Match lost property; Match lost property bag,0.100000,ACTIVE,ACTIVE,requires,requires,YES,YES,entity_exact+entity_jaccard_lt_0.5
FBV2_0129,Recycling Contamination Audit,"Map bin photo sample to driver observation card, then send recycling contamination audit case 9-01 to the same queue. The case remains visible until the owner confirms receipt.",METHOD,METHOD,bin photo sample; driver observation card; recycling contamination audit case 9-01,audit case 9-01; bin photo sample; case remains visible; case remains visible until; contamination audit case; contamination audit case 9-01; Map bin photo; Map bin photo sample,0.100000,ACTIVE,ACTIVE,requires,requires,YES,YES,entity_exact+entity_jaccard_lt_0.5
FBV2_0130,Recycling Contamination Audit,"During the pilot, route tag matched the queue state more often than rejection sticker. The team used recycling contamination audit case 9-02 to confirm the pattern.",RESULT,RESULT,recycling contamination audit case 9-02; rejection sticker; route tag,audit case 9-02; contamination audit case; contamination audit case 9-02; pilot route tag; pilot route tag matched; queue state more; queue state more often; recycling contamination audit,0.000000,DESCRIPTIVE,DESCRIPTIVE,reports_usefulness,reports_usefulness,YES,YES,entity_exact+entity_jaccard_lt_0.5
FBV2_0131,Recycling Contamination Audit,The closeout review placed sorting belt note in the files that needed fewer callbacks. load weight ticket and recycling contamination audit case 9-03 explained most of the remaining delays.,RESULT,RESULT,load weight ticket; recycling contamination audit case 9-03; sorting belt note,9-03 explained most; audit case 9-03; audit case 9-03 explained; callbacks load weight; callbacks load weight ticket; case 9-03 explained; case 9-03 explained most; closeout review placed,0.000000,DESCRIPTIVE,DESCRIPTIVE,supports_retrieval,supports_retrieval,YES,YES,entity_exact+entity_jaccard_lt_0.5
FBV2_0132,Recycling Contamination Audit,"Before the coordinator touches the queue, driver observation card and education leaflet batch are checked against recycling contamination audit case 9-04. The detail marks the operational setting for the case.",BACKGROUND,BACKGROUND,driver observation card; education leaflet batch; recycling contamination audit case 9-04,against recycling contamination; against recycling contamination audit; audit case 9-04; checked against recycling; checked against recycling contamination; contamination audit case; contamination audit case 9-04; driver observation card,0.100000,DESCRIPTIVE,DESCRIPTIVE,sets_context,sets_context,MAYBE,MAYBE,entity_exact+entity_jaccard_lt_0.5
FBV2_0133,Recycling Contamination Audit,"The office can hold out files containing rejection sticker, then compare them with cases built around transfer station bay. That review would test whether recycling contamination audit case 9-05 moves earlier.",NEXT_STEP,NEXT_STEP,recycling contamination audit case 9-05; rejection sticker; transfer station bay,9-05 moves earlier; around transfer station; around transfer station bay; audit case 9-05; audit case 9-05 moves; built around transfer; built around transfer station; can hold out,0.000000,ACTIVE,ACTIVE,proposes_next_test,proposes_next_test,YES,YES,entity_exact+entity_jaccard_lt_0.5
FBV2_0134,Recycling Contamination Audit,A coordinator should treat load weight ticket with care when bin photo sample has no matching timestamp. recycling contamination audit case 9-06 remains open until the file catches up.,LIMITATION,LIMITATION,bin photo sample; load weight ticket; recycling contamination audit case 9-06,9-06 remains open; 9-06 remains open until; audit case 9-06; audit case 9-06 remains; bin photo sample; case 9-06 remains; case 9-06 remains open; contamination audit case,0.100000,LIMITED,LIMITED,warns_about,warns_about,YES,YES,entity_exact+entity_jaccard_lt_0.5
FBV2_0135,Recycling Contamination Audit,education leaflet batch cannot carry the route by itself if route tag is blank. The desk leaves recycling contamination audit case 9-07 in review until another record confirms it.,LIMITATION,LIMITATION,education leaflet batch; recycling contamination audit case 9-07; route tag,another record confirms; audit case 9-07; batch cannot carry; contamination audit case; contamination audit case 9-07; desk leaves recycling; desk leaves recycling contamination; education leaflet batch,0.100000,NEGATED,NEGATED,limits,limits,YES,YES,entity_exact+entity_jaccard_lt_0.5
FBV2_0136,Recycling Contamination Audit,"The phrase transfer station bay points to the record where sorting belt note and recycling contamination audit case 9-08 are stored together. Staff use it only for the routing object, not for the entire service.",DEFINE,DEFINE,recycling contamination audit case 9-08; sorting belt note; transfer station bay,audit case 9-08; contamination audit case; contamination audit case 9-08; phrase transfer station; phrase transfer station bay; recycling contamination audit; recycling contamination audit case; stored together Staff,0.000000,DESCRIPTIVE,DESCRIPTIVE,defines,defines,YES,YES,entity_exact+entity_jaccard_lt_0.5
FBV2_0137,Recycling Contamination Audit,bin photo sample deserves priority only when driver observation card shows the same pressure. Otherwise recycling contamination audit case 9-09 may exaggerate the urgency of the case.,CLAIM,CLAIM,bin photo sample; driver observation card; recycling contamination audit case 9-09,9-09 may exaggerate; audit case 9-09; Otherwise recycling contamination; Otherwise recycling contamination audit; pressure Otherwise recycling; pressure Otherwise recycling contamination; same pressure Otherwise; same pressure Otherwise recycling,0.000000,ACTIVE,ACTIVE,asserts,asserts,YES,YES,entity_exact+entity_jaccard_lt_0.5
FBV2_0138,Recycling Contamination Audit,rejection sticker is filed next to route tag whenever recycling contamination audit case 9-10 is active. That arrangement shows which parts of the work are already on the board.,BACKGROUND,BACKGROUND,recycling contamination audit case 9-10; rejection sticker; route tag,audit case 9-10; contamination audit case; contamination audit case 9-10; recycling contamination audit; recycling contamination audit case; route tag; route tag whenever; route tag whenever recycling,0.100000,DESCRIPTIVE,DESCRIPTIVE,sets_context,sets_context,MAYBE,MAYBE,entity_exact+entity_jaccard_lt_0.5
FBV2_0139,Recycling Contamination Audit,"For this office, sorting belt note is the case-facing reference that holds load weight ticket and recycling contamination audit case 9-11. The label stays with the file until the desk closes it.",DEFINE,DEFINE,load weight ticket; recycling contamination audit case 9-11; sorting belt note,audit case 9-11; contamination audit case; contamination audit case 9-11; holds load weight; holds load weight ticket; load weight ticket; office sorting belt; office sorting belt note,0.100000,DESCRIPTIVE,DESCRIPTIVE,defines,defines,YES,YES,entity_exact+entity_jaccard_lt_0.5
FBV2_0140,Recycling Contamination Audit,A routine case shows driver observation card on the morning list and education leaflet batch in the afternoon packet. recycling contamination audit case 9-12 then explains why the owner changed the lane.,EXAMPLE,EXAMPLE,driver observation card; education leaflet batch; recycling contamination audit case 9-12,afternoon packet recycling; afternoon packet recycling contamination; audit case 9-12; case shows driver; case shows driver observation; contamination audit case; contamination audit case 9-12; driver observation card,0.100000,DESCRIPTIVE,DESCRIPTIVE,gives_example,gives_example,YES,YES,entity_exact+entity_jaccard_lt_0.5
FBV2_0141,Recycling Contamination Audit,A late-day entry has rejection sticker in the queue and transfer station bay on a separate sheet. The coordinator links both to recycling contamination audit case 9-13 before moving the case.,EXAMPLE,EXAMPLE,recycling contamination audit case 9-13; rejection sticker; transfer station bay,audit case; audit case 9-13; contamination audit case; contamination audit case 9-13; coordinator links both; recycling contamination audit; recycling contamination audit case; transfer station bay,0.100000,DESCRIPTIVE,DESCRIPTIVE,gives_example,gives_example,YES,YES,entity_exact+entity_jaccard_lt_0.5
FBV2_0142,Recycling Contamination Audit,A second pass should track load weight ticket from intake to closure and record when bin photo sample appears. The team can then see whether recycling contamination audit case 9-14 predicts a route change.,NEXT_STEP,NEXT_STEP,bin photo sample; load weight ticket; recycling contamination audit case 9-14,audit case 9-14; audit case 9-14 predicts; bin photo sample; bin photo sample appears; case 9-14 predicts; contamination audit case; contamination audit case 9-14; load weight ticket,0.222222,ACTIVE,ACTIVE,proposes_next_test,proposes_next_test,YES,YES,entity_exact+entity_jaccard_lt_0.5
FBV2_0144,Recycling Contamination Audit,Move transfer station bay only after sorting belt note is present and recycling contamination audit case 9-16 has a staff owner. The desk keeps unmatched files in the open column.,METHOD,METHOD,recycling contamination audit case 9-16; sorting belt note; transfer station bay,after sorting belt; after sorting belt note; audit case 9-16; bay only after; bay only after sorting; contamination audit case; Move transfer station; Move transfer station bay,0.000000,ACTIVE,ACTIVE,requires,requires,YES,YES,entity_exact+entity_jaccard_lt_0.5
FBV2_0145,Community Sports Fixture Desk,A desk sample showed pitch booking sheet reducing search time when weather closure notice was also attached. community sports fixture case 10-01 was the field most often opened during review.,RESULT,RESULT,community sports fixture case 10-01; pitch booking sheet; weather closure notice,also attached community; also attached community sports; attached community sports; attached community sports fixture; booking sheet reducing; booking sheet reducing search; case 10-01 was; closure notice was,0.000000,DESCRIPTIVE,DESCRIPTIVE,supports_retrieval,supports_retrieval,YES,YES,entity_exact+entity_jaccard_lt_0.5
FBV2_0146,Community Sports Fixture Desk,referee availability grid sits beside kit clash record at the opening desk while community sports fixture case 10-02 waits for review. Staff read the packet to understand the day before any routing choice moves.,BACKGROUND,BACKGROUND,community sports fixture case 10-02; kit clash record; referee availability grid,any routing choice; any routing choice moves; availability grid sits; availability grid sits beside; beside kit clash; beside kit clash record; case 10-02 waits; review Staff read,0.000000,DESCRIPTIVE,DESCRIPTIVE,sets_context,sets_context,MAYBE,MAYBE,entity_exact+entity_jaccard_lt_0.5
FBV2_0147,Community Sports Fixture Desk,club travel note is the table entry that carries score submission form and community sports fixture case 10-03 together. The coordinator treats the entry as one unit during handoff.,DEFINE,DEFINE,club travel note; community sports fixture case 10-03; score submission form,carries score submission; carries score submission form; case 10-03 together; club travel note; community sports fixture; community sports fixture case; fixture case 10-03; fixture case 10-03 together,0.100000,DESCRIPTIVE,DESCRIPTIVE,defines,defines,YES,YES,entity_exact+entity_jaccard_lt_0.5
FBV2_0148,Community Sports Fixture Desk,The desk can sample twenty files where weather closure notice and floodlight slot disagree. Reviewers would inspect whether community sports fixture case 10-04 helps choose the final lane.,NEXT_STEP,NEXT_STEP,community sports fixture case 10-04; floodlight slot; weather closure notice,10-04 helps choose; disagree Reviewers would; disagree Reviewers would inspect; floodlight slot disagree Reviewers; Reviewers would inspect; Reviewers would inspect whether; slot disagree Reviewers; slot disagree Reviewers would,0.000000,ACTIVE,ACTIVE,proposes_next_test,proposes_next_test,YES,YES,entity_exact+entity_jaccard_lt_0.5
FBV2_0149,Community Sports Fixture Desk,A later audit should separate cases with kit clash record from cases with only appeal email. The comparison would show whether community sports fixture case 10-05 adds routing value.,NEXT_STEP,NEXT_STEP,appeal email; community sports fixture case 10-05; kit clash record,10-05 adds routing; 10-05 adds routing value; adds routing value; case 10-05 adds; case 10-05 adds routing; cases; community sports fixture; community sports fixture case,0.000000,ACTIVE,ACTIVE,proposes_next_test,proposes_next_test,YES,YES,entity_exact+entity_jaccard_lt_0.5
FBV2_0150,Community Sports Fixture Desk,score submission form deserves priority only when pitch booking sheet shows the same pressure. Otherwise community sports fixture case 10-06 may exaggerate the urgency of the case.,CLAIM,CLAIM,community sports fixture case 10-06; pitch booking sheet; score submission form,10-06 may exaggerate; booking sheet shows; Otherwise community sports; Otherwise community sports fixture; pressure Otherwise community; pressure Otherwise community sports; same pressure Otherwise; same pressure Otherwise community,0.000000,ACTIVE,ACTIVE,asserts,asserts,YES,YES,entity_exact+entity_jaccard_lt_0.5
FBV2_0151,Community Sports Fixture Desk,"During the pilot, floodlight slot matched the queue state more often than referee availability grid. The team used community sports fixture case 10-07 to confirm the pattern.",RESULT,RESULT,community sports fixture case 10-07; floodlight slot; referee availability grid,community sports fixture; community sports fixture case; fixture case 10-07; floodlight slot matched; pilot floodlight slot; pilot floodlight slot matched; queue state more; queue state more often,0.000000,DESCRIPTIVE,DESCRIPTIVE,supports_retrieval,supports_retrieval,YES,YES,entity_exact+entity_jaccard_lt_0.5
FBV2_0152,Community Sports Fixture Desk,"For this office, appeal email is the case-facing reference that holds club travel note and community sports fixture case 10-08. The label stays with the file until the desk closes it.",DEFINE,DEFINE,appeal email; club travel note; community sports fixture case 10-08,club travel note; community sports fixture; community sports fixture case; fixture case 10-08; holds club travel; holds club travel note; office appeal email; sports fixture case,0.100000,DESCRIPTIVE,DESCRIPTIVE,defines,defines,YES,YES,entity_exact+entity_jaccard_lt_0.5
FBV2_0153,Community Sports Fixture Desk,community sports fixture case 10-09 arrives with pitch booking sheet attached and weather closure notice still unsigned. The desk keeps both items visible so the surrounding situation is clear.,BACKGROUND,BACKGROUND,community sports fixture case 10-09; pitch booking sheet; weather closure notice,pitch booking sheet; sports fixture; weather closure notice,0.500000,DESCRIPTIVE,DESCRIPTIVE,sets_context,sets_context,NO,NO,entity_exact
FBV2_0154,Community Sports Fixture Desk,Match referee availability grid to kit clash record before assigning community sports fixture case 10-10. The queue owner signs the file after the two entries line up.,METHOD,METHOD,community sports fixture case 10-10; kit clash record; referee availability grid,assigning community sports; assigning community sports fixture; community sports fixture; community sports fixture case; entries line up; fixture case 10-10; Match referee availability; Match referee availability grid,0.000000,ACTIVE,ACTIVE,requires,requires,YES,YES,entity_exact+entity_jaccard_lt_0.5
FBV2_0155,Community Sports Fixture Desk,"Read club travel note, verify score submission form, and route community sports fixture case 10-11 through the lane already assigned to that case. Any mismatch stays in review.",METHOD,METHOD,club travel note; community sports fixture case 10-11; score submission form,route community sports fixture case; score submission form,0.250000,ACTIVE,ACTIVE,maps_to,maps_to,YES,YES,entity_exact+entity_jaccard_lt_0.5
FBV2_0156,Community Sports Fixture Desk,A sample handoff begins with weather closure notice in place and floodlight slot missing from the packet. community sports fixture case 10-12 gives the reviewer the reason for keeping the file open.,EXAMPLE,EXAMPLE,community sports fixture case 10-12; floodlight slot; weather closure notice,case 10-12 gives; community sports fixture; community sports fixture case; fixture case 10-12; fixture case 10-12 gives; floodlight slot missing; packet community sports; packet community sports fixture,0.000000,DESCRIPTIVE,DESCRIPTIVE,gives_example,gives_example,YES,YES,entity_exact+entity_jaccard_lt_0.5
FBV2_0157,Community Sports Fixture Desk,"kit clash record can lag behind the desk conversation, so appeal email may show a fresher view of community sports fixture case 10-13. The coordinator cannot close the file from that record alone.",LIMITATION,LIMITATION,appeal email; community sports fixture case 10-13; kit clash record,appeal email may; appeal email may show; can lag behind; clash record can; clash record can lag; community sports fixture; community sports fixture case; coordinator cannot close,0.000000,NEGATED,NEGATED,limits,limits,YES,YES,entity_exact+entity_jaccard_lt_0.5
FBV2_0158,Community Sports Fixture Desk,"One closed case includes score submission form and pitch booking sheet, but the desk later reopens it after reading community sports fixture case 10-14. The file shows how a small detail changes the lane.",EXAMPLE,EXAMPLE,community sports fixture case 10-14; pitch booking sheet; score submission form,after reading community; after reading community sports; booking sheet but; case includes score; case includes score submission; closed case includes; One closed case; One closed case includes,0.000000,DESCRIPTIVE,DESCRIPTIVE,gives_example,gives_example,YES,YES,entity_exact+entity_jaccard_lt_0.5
FBV2_0159,Community Sports Fixture Desk,floodlight slot loses value when referee availability grid is copied from an older shift. The case tied to community sports fixture case 10-15 needs review before it moves.,LIMITATION,LIMITATION,community sports fixture case 10-15; floodlight slot; referee availability grid,community sports fixture case; referee availability grid,0.250000,NEGATED,NEGATED,limits,limits,YES,YES,entity_exact+entity_jaccard_lt_0.5
FBV2_0160,Community Sports Fixture Desk,Pairing appeal email with club travel note gives the coordinator a sturdier basis for judging community sports fixture case 10-16. A case routed from only one of those records is easier to misplace.,CLAIM,CLAIM,appeal email; club travel note; community sports fixture case 10-16,case 10-16; club travel note; pairing appeal email,0.200000,NEGATED,NEGATED,asserts,asserts,YES,YES,entity_exact+entity_jaccard_lt_0.5
