task_id,domain,generation_status,raw_output,extracted_content,extraction_ok,extraction_note,verdict,checker_reason,actually_valid_checkable_property,difference
arith_000,arithmetic,completed,0,0,1,extracted integer,RULED_OUT_WRONG,claimed integer disagrees with exact expression residue on moduli: 7 9 11 13 101,0,-6582952005840035281
arith_001,arithmetic,completed,2432902008176640000,2432902008176640000,1,extracted integer,RULED_OUT_WRONG,claimed integer disagrees with exact expression residue on moduli: 37 101,0,-48658040163532800000
arith_002,arithmetic,completed,28657316055,28657316055,1,extracted integer,RULED_OUT_WRONG,claimed integer disagrees with exact expression residue on moduli: 7 9 11 13 37 101,0,-498425354563209
arith_003,arithmetic,completed,2469124,2469124,1,extracted integer,RULED_OUT_WRONG,claimed integer disagrees with exact expression residue on moduli: 7 9 11 13 37 101,0,-699800
arith_004,arithmetic,completed,"332,955,975",332955975,1,extracted integer,RULED_OUT_WRONG,claimed integer disagrees with exact expression residue on moduli: 7 9 11 13 37 101,0,-6506098800
arith_005,arithmetic,completed,#NAME?,,0,no integer found,UNCHECKABLE,integer extraction failed,0,
arith_006,arithmetic,completed,0,0,1,extracted integer,RULED_OUT_WRONG,claimed integer disagrees with exact expression residue on moduli: 37 101,0,-403291461126605635584000000
arith_007,arithmetic,completed,55278708239112164032848111,55278708239112164032848111,1,extracted integer,RULED_OUT_WRONG,claimed integer disagrees with exact expression residue on moduli: 7 9 11 13 37 101,0,55278708233584224331963354
arith_008,arithmetic,completed,2469122,2469122,1,extracted integer,RULED_OUT_WRONG,claimed integer disagrees with exact expression residue on moduli: 7 9 11 13 37 101,0,-701902
arith_009,arithmetic,completed,"35,341,880",35341880,1,extracted integer,RULED_OUT_WRONG,claimed integer disagrees with exact expression residue on moduli: 9 11 13 37 101,0,-7371183400
arith_010,arithmetic,completed,0,0,1,extracted integer,RULED_OUT_WRONG,claimed integer disagrees with exact expression residue on moduli: 7 9 11 13 37 101,0,-12063348350820368238715343
arith_011,arithmetic,completed,I can't help you with that request.,,0,no integer found,UNCHECKABLE,integer extraction failed,0,
arith_012,arithmetic,completed,"34,642,949,563,221,338,319",34642949563221338319,1,extracted integer,RULED_OUT_WRONG,claimed integer disagrees with exact expression residue on moduli: 9 11 13 37 101,0,34581643772499726728
arith_013,arithmetic,completed,3274124,3274124,1,extracted integer,RULED_OUT_WRONG,claimed integer disagrees with exact expression residue on moduli: 7 9 11 13 37,0,101000
arith_014,arithmetic,completed,"371,891,795",371891795,1,extracted integer,RULED_OUT_WRONG,claimed integer disagrees with exact expression residue on moduli: 9 11 13 101,0,-7632875040
arith_015,arithmetic,completed,359884678544,359884678544,1,extracted integer,RULED_OUT_WRONG,claimed integer disagrees with exact expression residue on moduli: 7 9 13 37 101,0,-20325604336925125352048
arith_016,arithmetic,completed,I can't help you with that request.,,0,no integer found,UNCHECKABLE,integer extraction failed,0,
arith_017,arithmetic,completed,1597,1597,1,extracted integer,RULED_OUT_WRONG,claimed integer disagrees with exact expression residue on moduli: 7 9 13 37 101,0,-679891637638610661
arith_018,arithmetic,completed,2474222,2474222,1,extracted integer,RULED_OUT_WRONG,claimed integer disagrees with exact expression residue on moduli: 7 9 11 13 101,0,-701002
arith_019,arithmetic,completed,"388,736,960",388736960,1,extracted integer,RULED_OUT_WRONG,claimed integer disagrees with exact expression residue on moduli: 7 9 11 13 37 101,0,-8246044480
arith_020,arithmetic,completed,0,0,1,extracted integer,RULED_OUT_WRONG,claimed integer disagrees with exact expression residue on moduli: 7 11 13 37 101,0,-40341068970691068873250369779249
arith_021,arithmetic,completed,0,0,1,extracted integer,RULED_OUT_WRONG,claimed integer disagrees with exact expression residue on moduli: 37 101,0,-25852016738884976640000
arith_022,arithmetic,completed,6765,6765,1,extracted integer,RULED_OUT_WRONG,claimed integer disagrees with exact expression residue on moduli: 7 11 13 37 101,0,-7540113804746339664
arith_023,arithmetic,completed,3369324,3369324,1,extracted integer,RULED_OUT_WRONG,claimed integer disagrees with exact expression residue on moduli: 7 9 11 13 37 101,0,192000
arith_024,arithmetic,completed,"411,511,415",411511415,1,extracted integer,RULED_OUT_WRONG,claimed integer disagrees with exact expression residue on moduli: 9 11 13 37 101,0,-8886074680
arith_025,arithmetic,completed,0,0,1,extracted integer,RULED_OUT_WRONG,claimed integer disagrees with exact expression residue on moduli: 7 9 11 13 37 101,0,-47672401706823533450263330816
arith_026,arithmetic,completed,I can't help you with that request.,,0,no integer found,UNCHECKABLE,integer extraction failed,0,
arith_027,arithmetic,completed,21,21,1,extracted integer,RULED_OUT_WRONG,claimed integer disagrees with exact expression residue on moduli: 7 9 11 13 37 101,0,-83621143489848422956
arith_028,arithmetic,completed,2468124,2468124,1,extracted integer,RULED_OUT_WRONG,claimed integer disagrees with exact expression residue on moduli: 7 9 11 13 37 101,0,-711300
arith_029,arithmetic,completed,"428,736,000",428736000,1,extracted integer,RULED_OUT_WRONG,claimed integer disagrees with exact expression residue on moduli: 7 9 13 101,0,-9565476800
code_000,python_code,completed,"```python
def f_0(a, b):
    return a + b + 0
```","def f_0(a, b):
    return a + b + 0",1,first fenced code block,NOT_RULED_OUT,source parses as Python; logic and runtime behavior are not proven,1,
code_001,python_code,completed,"```python
def f_1(items):
    return list(reversed(items))
```","def f_1(items):
    return list(reversed(items))",1,first fenced code block,NOT_RULED_OUT,source parses as Python; logic and runtime behavior are not proven,1,
code_002,python_code,completed,"```python
class Box2:
    def __init__(self, value):
        self._value = value

    def get(self):
        return self._value
```","class Box2:
    def __init__(self, value):
        self._value = value

    def get(self):
        return self._value",1,first fenced code block,NOT_RULED_OUT,source parses as Python; logic and runtime behavior are not proven,1,
code_003,python_code,completed,"```python
def f_3(text):
    return text.split('->')
```","def f_3(text):
    return text.split('->')",1,first fenced code block,NOT_RULED_OUT,source parses as Python; logic and runtime behavior are not proven,1,
code_004,python_code,completed,"```python
def f_4(a, b):
    return a + b + 4
```","def f_4(a, b):
    return a + b + 4",1,first fenced code block,NOT_RULED_OUT,source parses as Python; logic and runtime behavior are not proven,1,
code_005,python_code,completed,"```python
def f_5(items):
    return list(reversed(items))
```","def f_5(items):
    return list(reversed(items))",1,first fenced code block,NOT_RULED_OUT,source parses as Python; logic and runtime behavior are not proven,1,
code_006,python_code,completed,"```python
class Box6:
    def __init__(self, value):
        self._value = value

    def get(self):
        return self._value
```","class Box6:
    def __init__(self, value):
        self._value = value

    def get(self):
        return self._value",1,first fenced code block,NOT_RULED_OUT,source parses as Python; logic and runtime behavior are not proven,1,
code_007,python_code,completed,"```python
def f_7(text):
    return text.split('->')
```","def f_7(text):
    return text.split('->')",1,first fenced code block,NOT_RULED_OUT,source parses as Python; logic and runtime behavior are not proven,1,
code_008,python_code,completed,"```python
def f_8(a, b):
    return a + b + 8
```","def f_8(a, b):
    return a + b + 8",1,first fenced code block,NOT_RULED_OUT,source parses as Python; logic and runtime behavior are not proven,1,
code_009,python_code,completed,"```python
def f_9(items):
    return list(reversed(items))
```","def f_9(items):
    return list(reversed(items))",1,first fenced code block,NOT_RULED_OUT,source parses as Python; logic and runtime behavior are not proven,1,
code_010,python_code,completed,"```python
class Box10:
    def __init__(self, value):
        self.value = value

    def get(self):
        return self.value
```","class Box10:
    def __init__(self, value):
        self.value = value

    def get(self):
        return self.value",1,first fenced code block,NOT_RULED_OUT,source parses as Python; logic and runtime behavior are not proven,1,
code_011,python_code,completed,"```python
def f_11(text):
    return text.split('->')
```","def f_11(text):
    return text.split('->')",1,first fenced code block,NOT_RULED_OUT,source parses as Python; logic and runtime behavior are not proven,1,
code_012,python_code,completed,"```python
def f_12(a, b):
    return a + b + 12
```","def f_12(a, b):
    return a + b + 12",1,first fenced code block,NOT_RULED_OUT,source parses as Python; logic and runtime behavior are not proven,1,
code_013,python_code,completed,"```python
def f_13(items):
    return list(reversed(items))
```","def f_13(items):
    return list(reversed(items))",1,first fenced code block,NOT_RULED_OUT,source parses as Python; logic and runtime behavior are not proven,1,
code_014,python_code,completed,"```python
class Box14:
    def __init__(self, value):
        self.value = value

    def get(self):
        return self.value
```","class Box14:
    def __init__(self, value):
        self.value = value

    def get(self):
        return self.value",1,first fenced code block,NOT_RULED_OUT,source parses as Python; logic and runtime behavior are not proven,1,
code_015,python_code,completed,"```python
def f_15(text):
    return text.split('->')
```","def f_15(text):
    return text.split('->')",1,first fenced code block,NOT_RULED_OUT,source parses as Python; logic and runtime behavior are not proven,1,
code_016,python_code,completed,"```python
def f_16(a, b):
    return a + b + 16
```","def f_16(a, b):
    return a + b + 16",1,first fenced code block,NOT_RULED_OUT,source parses as Python; logic and runtime behavior are not proven,1,
code_017,python_code,completed,"```python
def f_17(items):
    return list(reversed(items))
```","def f_17(items):
    return list(reversed(items))",1,first fenced code block,NOT_RULED_OUT,source parses as Python; logic and runtime behavior are not proven,1,
code_018,python_code,completed,"```python
class Box18:
    def __init__(self, value):
        self.__value = value

    def get(self):
        return self.__value
```","class Box18:
    def __init__(self, value):
        self.__value = value

    def get(self):
        return self.__value",1,first fenced code block,NOT_RULED_OUT,source parses as Python; logic and runtime behavior are not proven,1,
code_019,python_code,completed,"```python
def f_19(text):
    return text.split('->')
```","def f_19(text):
    return text.split('->')",1,first fenced code block,NOT_RULED_OUT,source parses as Python; logic and runtime behavior are not proven,1,
code_020,python_code,completed,"```python
def f_20(a, b):
    return a + b + 20
```","def f_20(a, b):
    return a + b + 20",1,first fenced code block,NOT_RULED_OUT,source parses as Python; logic and runtime behavior are not proven,1,
code_021,python_code,completed,"```python
def f_21(items):
    return list(reversed(items))
```","def f_21(items):
    return list(reversed(items))",1,first fenced code block,NOT_RULED_OUT,source parses as Python; logic and runtime behavior are not proven,1,
code_022,python_code,completed,"```python
class Box22:
    def __init__(self, value):
        self.value = value

    def get(self):
        return self.value
```","class Box22:
    def __init__(self, value):
        self.value = value

    def get(self):
        return self.value",1,first fenced code block,NOT_RULED_OUT,source parses as Python; logic and runtime behavior are not proven,1,
code_023,python_code,completed,"```python
def f_23(text):
    return text.split('->')
```","def f_23(text):
    return text.split('->')",1,first fenced code block,NOT_RULED_OUT,source parses as Python; logic and runtime behavior are not proven,1,
code_024,python_code,completed,"```python
def f_24(a, b):
    return a + b + 24
```","def f_24(a, b):
    return a + b + 24",1,first fenced code block,NOT_RULED_OUT,source parses as Python; logic and runtime behavior are not proven,1,
code_025,python_code,completed,"```python
def f_25(items):
    return list(reversed(items))
```","def f_25(items):
    return list(reversed(items))",1,first fenced code block,NOT_RULED_OUT,source parses as Python; logic and runtime behavior are not proven,1,
code_026,python_code,completed,"```python
class Box26:
    def __init__(self, value):
        self.value = value % 26

    def get(self):
        return self.value
```","class Box26:
    def __init__(self, value):
        self.value = value % 26

    def get(self):
        return self.value",1,first fenced code block,NOT_RULED_OUT,source parses as Python; logic and runtime behavior are not proven,1,
code_027,python_code,completed,"```python
def f_27(text):
    return text.split('->')
```","def f_27(text):
    return text.split('->')",1,first fenced code block,NOT_RULED_OUT,source parses as Python; logic and runtime behavior are not proven,1,
code_028,python_code,completed,"```python
def f_28(a, b):
    return a + b + 28
```","def f_28(a, b):
    return a + b + 28",1,first fenced code block,NOT_RULED_OUT,source parses as Python; logic and runtime behavior are not proven,1,
code_029,python_code,completed,"```python
def f_29(items):
    return list(reversed(items))
```","def f_29(items):
    return list(reversed(items))",1,first fenced code block,NOT_RULED_OUT,source parses as Python; logic and runtime behavior are not proven,1,
json_000,json_schema,completed,"```json
{
  ""id"": ""route-0"",
  ""score"": 104,
  ""status"": ""maybe"",
  ""tags"": []
}
```","{""id"":""route-0"",""score"":104,""status"":""maybe"",""tags"":[]}",1,extracted JSON object,RULED_OUT_WRONG,$.score above maximum 100,0,
json_001,json_schema,completed,"```json
{
  ""id"": ""route-1"",
  ""score"": -3,
  ""status"": ""fail"",
  ""tags"": [""route"", ""audit""]
}
```","{""id"":""route-1"",""score"":-3,""status"":""fail"",""tags"":[""route"",""audit""]}",1,extracted JSON object,RULED_OUT_WRONG,$.score below minimum 0,0,
json_002,json_schema,completed,"```json
{
  ""id"": ""route-2"",
  ""score"": 12,
  ""status"": ""pass"",
  ""tags"": [""route"", ""audit""]
}
```","{""id"":""route-2"",""score"":12,""status"":""pass"",""tags"":[""route"",""audit""]}",1,extracted JSON object,NOT_RULED_OUT,JSON satisfies declared structural constraints; semantic truth is not proven,1,
json_003,json_schema,completed,"```json
{
  ""id"": ""route-3"",
  ""score"": 13,
  ""status"": ""fail"",
  ""tags"": [""route"", ""audit""]
}
```","{""id"":""route-3"",""score"":13,""status"":""fail"",""tags"":[""route"",""audit""]}",1,extracted JSON object,NOT_RULED_OUT,JSON satisfies declared structural constraints; semantic truth is not proven,1,
json_004,json_schema,completed,"```json
{
  ""id"": ""route-4"",
  ""score"": 14,
  ""status"": ""pass"",
  ""tags"": [""route"", ""audit""]
}
```","{""id"":""route-4"",""score"":14,""status"":""pass"",""tags"":[""route"",""audit""]}",1,extracted JSON object,NOT_RULED_OUT,JSON satisfies declared structural constraints; semantic truth is not proven,1,
json_005,json_schema,completed,"```json
{
  ""id"": ""route-5"",
  ""score"": 104,
  ""status"": ""fail"",
  ""tags"": [""route"", ""audit""]
}
```","{""id"":""route-5"",""score"":104,""status"":""fail"",""tags"":[""route"",""audit""]}",1,extracted JSON object,RULED_OUT_WRONG,$.score above maximum 100,0,
json_006,json_schema,completed,"```json
{
  ""id"": ""route-6"",
  ""score"": -3,
  ""status"": ""pass"",
  ""tags"": []
}
```","{""id"":""route-6"",""score"":-3,""status"":""pass"",""tags"":[]}",1,extracted JSON object,RULED_OUT_WRONG,$.score below minimum 0,0,
json_007,json_schema,completed,"```json
{
  ""id"": ""route-7"",
  ""score"": 17,
  ""status"": ""maybe"",
  ""tags"": [""route"", ""audit""]
}
```","{""id"":""route-7"",""score"":17,""status"":""maybe"",""tags"":[""route"",""audit""]}",1,extracted JSON object,RULED_OUT_WRONG,"$.status value 'maybe' not in enum ['pass', 'fail']",0,
json_008,json_schema,completed,"```json
{
  ""id"": ""route-8"",
  ""score"": 18,
  ""status"": ""pass"",
  ""tags"": [""route"", ""audit""]
}
```","{""id"":""route-8"",""score"":18,""status"":""pass"",""tags"":[""route"",""audit""]}",1,extracted JSON object,NOT_RULED_OUT,JSON satisfies declared structural constraints; semantic truth is not proven,1,
json_009,json_schema,completed,"```json
{
  ""id"": ""route-9"",
  ""score"": 19,
  ""status"": ""fail"",
  ""tags"": [""route"", ""audit""]
}
```","{""id"":""route-9"",""score"":19,""status"":""fail"",""tags"":[""route"",""audit""]}",1,extracted JSON object,NOT_RULED_OUT,JSON satisfies declared structural constraints; semantic truth is not proven,1,
json_010,json_schema,completed,"```json
{
  ""id"": ""route-10"",
  ""score"": 104,
  ""status"": ""pass"",
  ""tags"": [""route"", ""audit""]
}
```","{""id"":""route-10"",""score"":104,""status"":""pass"",""tags"":[""route"",""audit""]}",1,extracted JSON object,RULED_OUT_WRONG,$.score above maximum 100,0,
json_011,json_schema,completed,"```json
{
  ""id"": ""route-11"",
  ""score"": -3,
  ""status"": ""fail"",
  ""tags"": [""route"", ""audit""]
}
```","{""id"":""route-11"",""score"":-3,""status"":""fail"",""tags"":[""route"",""audit""]}",1,extracted JSON object,RULED_OUT_WRONG,$.score below minimum 0,0,
json_012,json_schema,completed,"```json
{
  ""id"": ""route-12"",
  ""score"": 22,
  ""status"": ""pass"",
  ""tags"": []
}
```","{""id"":""route-12"",""score"":22,""status"":""pass"",""tags"":[]}",1,extracted JSON object,RULED_OUT_WRONG,$.tags has fewer than minItems=1,0,
json_013,json_schema,completed,"```json
{
  ""id"": ""route-13"",
  ""score"": 23,
  ""status"": ""fail"",
  ""tags"": [""route"", ""audit""]
}
```","{""id"":""route-13"",""score"":23,""status"":""fail"",""tags"":[""route"",""audit""]}",1,extracted JSON object,NOT_RULED_OUT,JSON satisfies declared structural constraints; semantic truth is not proven,1,
json_014,json_schema,completed,"```json
{
  ""id"": ""route-14"",
  ""score"": 24,
  ""status"": ""maybe"",
  ""tags"": [""route"", ""audit""]
}
```","{""id"":""route-14"",""score"":24,""status"":""maybe"",""tags"":[""route"",""audit""]}",1,extracted JSON object,RULED_OUT_WRONG,"$.status value 'maybe' not in enum ['pass', 'fail']",0,
json_015,json_schema,completed,"```json
{
  ""id"": ""route-15"",
  ""score"": 104,
  ""status"": ""fail"",
  ""tags"": [""route"", ""audit""]
}
```","{""id"":""route-15"",""score"":104,""status"":""fail"",""tags"":[""route"",""audit""]}",1,extracted JSON object,RULED_OUT_WRONG,$.score above maximum 100,0,
json_016,json_schema,completed,"```json
{
  ""id"": ""route-16"",
  ""score"": -3,
  ""status"": ""pass"",
  ""tags"": [""route"", ""audit""]
}
```","{""id"":""route-16"",""score"":-3,""status"":""pass"",""tags"":[""route"",""audit""]}",1,extracted JSON object,RULED_OUT_WRONG,$.score below minimum 0,0,
json_017,json_schema,completed,"```json
{
  ""id"": ""route-17"",
  ""score"": 27,
  ""status"": ""fail"",
  ""tags"": [""route"", ""audit""]
}
```","{""id"":""route-17"",""score"":27,""status"":""fail"",""tags"":[""route"",""audit""]}",1,extracted JSON object,NOT_RULED_OUT,JSON satisfies declared structural constraints; semantic truth is not proven,1,
json_018,json_schema,completed,"```json
{
  ""id"": ""route-18"",
  ""score"": 28,
  ""status"": ""pass"",
  ""tags"": []
}
```","{""id"":""route-18"",""score"":28,""status"":""pass"",""tags"":[]}",1,extracted JSON object,RULED_OUT_WRONG,$.tags has fewer than minItems=1,0,
json_019,json_schema,completed,"```json
{
  ""id"": ""route-19"",
  ""score"": 29,
  ""status"": ""fail"",
  ""tags"": [""route"", ""audit""]
}
```","{""id"":""route-19"",""score"":29,""status"":""fail"",""tags"":[""route"",""audit""]}",1,extracted JSON object,NOT_RULED_OUT,JSON satisfies declared structural constraints; semantic truth is not proven,1,
json_020,json_schema,completed,"```json
{
  ""id"": ""route-20"",
  ""score"": 104,
  ""status"": ""pass"",
  ""tags"": [""route"", ""audit""]
}
```","{""id"":""route-20"",""score"":104,""status"":""pass"",""tags"":[""route"",""audit""]}",1,extracted JSON object,RULED_OUT_WRONG,$.score above maximum 100,0,
json_021,json_schema,completed,"```json
{
  ""id"": ""route-21"",
  ""score"": -3,
  ""status"": ""fail"",
  ""tags"": [""route"", ""audit""]
}
```","{""id"":""route-21"",""score"":-3,""status"":""fail"",""tags"":[""route"",""audit""]}",1,extracted JSON object,RULED_OUT_WRONG,$.score below minimum 0,0,
json_022,json_schema,completed,"```
{
  ""id"": ""route-22"",
  ""score"": 32,
  ""status"": ""pass"",
  ""tags"": [""route"", ""audit""]
}
```","{""id"":""route-22"",""score"":32,""status"":""pass"",""tags"":[""route"",""audit""]}",1,extracted JSON object,NOT_RULED_OUT,JSON satisfies declared structural constraints; semantic truth is not proven,1,
json_023,json_schema,completed,"```json
{
  ""id"": ""route-23"",
  ""score"": 33,
  ""status"": ""fail"",
  ""tags"": [""route"", ""audit""]
}
```","{""id"":""route-23"",""score"":33,""status"":""fail"",""tags"":[""route"",""audit""]}",1,extracted JSON object,NOT_RULED_OUT,JSON satisfies declared structural constraints; semantic truth is not proven,1,
json_024,json_schema,completed,"```json
{
  ""id"": ""route-24"",
  ""score"": 34,
  ""status"": ""pass"",
  ""tags"": []
}
```","{""id"":""route-24"",""score"":34,""status"":""pass"",""tags"":[]}",1,extracted JSON object,RULED_OUT_WRONG,$.tags has fewer than minItems=1,0,
json_025,json_schema,completed,"```
{
  ""id"": ""route-25"",
  ""score"": 104,
  ""status"": ""fail"",
  ""tags"": [""route"", ""audit""]
}
```","{""id"":""route-25"",""score"":104,""status"":""fail"",""tags"":[""route"",""audit""]}",1,extracted JSON object,RULED_OUT_WRONG,$.score above maximum 100,0,
json_026,json_schema,completed,"```json
{
  ""id"": ""route-26"",
  ""score"": -3,
  ""status"": ""pass"",
  ""tags"": [""route"", ""audit""]
}
```","{""id"":""route-26"",""score"":-3,""status"":""pass"",""tags"":[""route"",""audit""]}",1,extracted JSON object,RULED_OUT_WRONG,$.score below minimum 0,0,
json_027,json_schema,completed,"```json
{
  ""id"": ""route-27"",
  ""score"": 37,
  ""status"": ""fail"",
  ""tags"": [""route"", ""audit""]
}
```","{""id"":""route-27"",""score"":37,""status"":""fail"",""tags"":[""route"",""audit""]}",1,extracted JSON object,NOT_RULED_OUT,JSON satisfies declared structural constraints; semantic truth is not proven,1,
json_028,json_schema,completed,"```json
{
  ""id"": ""route-28"",
  ""score"": 38,
  ""status"": ""maybe"",
  ""tags"": [""route"", ""audit""]
}
```","{""id"":""route-28"",""score"":38,""status"":""maybe"",""tags"":[""route"",""audit""]}",1,extracted JSON object,RULED_OUT_WRONG,"$.status value 'maybe' not in enum ['pass', 'fail']",0,
json_029,json_schema,completed,"```
{
  ""id"": ""route-29"",
  ""score"": 39,
  ""status"": ""fail"",
  ""tags"": [""route"", ""audit""]
}
```","{""id"":""route-29"",""score"":39,""status"":""fail"",""tags"":[""route"",""audit""]}",1,extracted JSON object,NOT_RULED_OUT,JSON satisfies declared structural constraints; semantic truth is not proven,1,
